mutation	Probability_PCAWG_all_samples	Probability_PCAWG_8_outliers	Probability_PCAWG_wo8_outliers	Probability_nfia_top3_outliers	Probability_nfia_13_outliers	Probability_nfia_wotop3_outliers	Probability_nfia_wo13_outliers
('AAA', 'ACA')	0.0017572262538169759	0.0016103452055565278	0.0017696410901992163	0.007258920725542836	0.0024929882359822964	0.001661624193920158	0.0016771307935729612
('AAA', 'ATA')	0.0020318487644674604	0.002241628073023449	0.0020141175743449333	0.0021158758824814617	0.0018588070180569755	0.002030388638753353	0.0020506861856119827
('AAA', 'AGA')	0.003733792701808215	0.003977082065041602	0.003713229139157667	0.0031685765071813965	0.0038816264200601546	0.003743614372708166	0.0037176994406857454
('AAC', 'ACC')	0.0013177633830595051	0.0012250705405598451	0.0013255980662066293	0.004118206353983608	0.0017782771880822743	0.001269100536000329	0.0012676315930837988
('AAC', 'ATC')	0.002091493895863957	0.0022785128411378763	0.002075686481405437	0.002470923812390165	0.001961507862679919	0.0020849006032351495	0.002105644248023401
('AAC', 'AGC')	0.008159570573333627	0.008770794884587877	0.008107908021173641	0.006886181116497181	0.008844403716155564	0.00818169805710251	0.008085019254980308
('AAT', 'ACT')	0.001266701188430522	0.00117464316344317	0.001274482214855821	0.004184991157472619	0.0015750964779288536	0.0012159905330405422	0.0012331291050010948
('AAT', 'ATT')	0.002719905699489766	0.0033354480658228693	0.0026678781720798858	0.002449563631621588	0.002881665057584849	0.0027246033901190425	0.0027022964854375915
('AAT', 'AGT')	0.007330813442341643	0.006479048967415766	0.007402807186379056	0.0065193715462279886	0.006238931765842024	0.007344913737651339	0.007449676291375879
('AAG', 'ACG')	0.002204194942250686	0.002184699330711061	0.0022058427710911163	0.012446866630985279	0.0038526449866780987	0.00202620968383217	0.0020247437498839495
('AAG', 'ATG')	0.003492211465026739	0.004451376122236796	0.0034111399284063345	0.003394599990268712	0.0032457883228136854	0.0034939076439229676	0.003519037225896098
('AAG', 'AGG')	0.005371686963973392	0.005226063126935464	0.005383995537009815	0.005311660590833688	0.005206277009024458	0.005372730032604301	0.005389693584037653
('ACA', 'AAA')	0.005970652748069842	0.004287929532706229	0.006112881671697166	0.004415797805886609	0.003977148565197856	0.005997671212304342	0.0061876667266333955
('ACA', 'ATA')	0.005490243605698435	0.004970399381565818	0.005534182432819381	0.005196823268152268	0.0052924123263561485	0.005495342323707805	0.005511779629240928
('ACA', 'AGA')	0.0018195346620467775	0.0013649396977191783	0.001857958421743196	0.0017422875696695465	0.0013675258973632578	0.0018208769723459513	0.0018687405885817543
('ACC', 'AAC')	0.007415664175072159	0.005963690095110612	0.007538389474540426	0.006898850490598949	0.006077460986648635	0.007424644763338634	0.007561341721445721
('ACC', 'ATC')	0.005318055858873051	0.0043757726117042315	0.005397700526976071	0.00549352909436583	0.004816879998299885	0.005315006688684471	0.005372614142922553
('ACC', 'AGC')	0.0020492906926278687	0.0015559191462092743	0.002090991967890956	0.0021536094124091957	0.0018226032425999565	0.0020474779630137207	0.002073968015025112
('ACT', 'AAT')	0.004622158991784816	0.0040195579749136776	0.0046730926766735655	0.003749357246215565	0.0039052880233652397	0.004637325527328871	0.004700197965723318
('ACT', 'ATT')	0.004541112686214318	0.004121932775883328	0.004576543057001526	0.004450056797147654	0.004234649663890019	0.004542694949752443	0.004574474421960162
('ACT', 'AGT')	0.0024922788785539094	0.002168729336330771	0.0025196262775262156	0.002544645737595482	0.0021836249024402574	0.002491368908067466	0.002525879122752738
('ACG', 'AAG')	0.0070412889030514	0.0042568513281097935	0.007276638101051171	0.004972513347355932	0.005433971414832653	0.0070772376831236316	0.007216262382379951
('ACG', 'ATG')	0.027240206806056554	0.03167097388113686	0.026865704792785244	0.016782232547326272	0.03461791242135926	0.027421933342602837	0.026437065652903387
('ACG', 'AGG')	0.002390004017036482	0.0018730145843683088	0.0024337015484330554	0.003185516363149894	0.0021627746924707076	0.002376180526954901	0.0024147403281985116
('ATA', 'AAA')	0.003746752173695593	0.006087988605327507	0.0035488636947183017	0.0026781014033185817	0.004211756054875603	0.003765321946241745	0.0036961315915220545
('ATA', 'ACA')	0.0145269646480756	0.012752379725464875	0.014676958004751115	0.014859143270025679	0.012177686420361973	0.014521192433592355	0.014782708387832588
('ATA', 'AGA')	0.0013440631129373155	0.0013084757817946472	0.0013470710632389326	0.0021981549152686563	0.001329325067280325	0.0013292216970674433	0.0013456675048175814
('ATC', 'AAC')	0.0033744327027363215	0.004146158944217073	0.0033092040355029834	0.003092202298265088	0.0035485240302548025	0.0033793369750785302	0.0033554810236062762
('ATC', 'ACC')	0.006610453825067421	0.006319387183094138	0.006635055669752101	0.008728236043871407	0.006569672196416472	0.006573653464092996	0.006614893335935716
('ATC', 'AGC')	0.0010378266808955426	0.0008278964719531676	0.0010555706255812296	0.002528598923704456	0.0011104044575629293	0.0010119217714204762	0.0010299258235985217
('ATT', 'AAT')	0.002751401100479615	0.003591009909404431	0.0026804347905891378	0.002077920281089881	0.003030841540024397	0.002763104068349887	0.00272098105818515
('ATT', 'ACT')	0.007254170039348202	0.0064611292005896295	0.007321200281671666	0.006187755228190162	0.006272454630807533	0.007272700957990656	0.0073610401269331854
('ATT', 'AGT')	0.0012484700219368924	0.0011090624895680509	0.0012602531738500117	0.0037264548214379417	0.001476734852467873	0.0012054104786556768	0.0012236209850172426
('ATG', 'AAG')	0.0034249021831629896	0.005196487555383803	0.0032751623576799086	0.002843658867044433	0.003158121673868861	0.003435002354775167	0.0034539440583807907
('ATG', 'ACG')	0.009818223345463407	0.009205139587512606	0.009870043063757302	0.010914946252828444	0.008706223530848137	0.009799165767908173	0.00993927626624732
('ATG', 'AGG')	0.0011123582715694906	0.001234692940345926	0.0011020181704146982	0.0017425428395798593	0.001184760604390144	0.0011014076556953092	0.0011044765131875969
('AGA', 'AAA')	0.005627408053401103	0.00454892928007096	0.00571856438480794	0.006176619579008778	0.004841073222429002	0.005617864493060377	0.005713008902207207
('AGA', 'ACA')	0.003713672760875062	0.002594961785991948	0.003808229641266896	0.003790800857503241	0.0026795778427099876	0.0037123325183458806	0.0038262449111276142
('AGA', 'ATA')	0.0053341598141757015	0.00431460810387318	0.005420335449606863	0.005469710328192322	0.004344513473034093	0.005331804374696709	0.005441893267512427
('AGC', 'AAC')	0.0065422071503607945	0.006544994240212142	0.006541971576984264	0.006185828636652144	0.006850141450410873	0.0065483998824706225	0.006508685250500133
('AGC', 'ACC')	0.0015897273440559731	0.0013588114246297848	0.0016092450653119336	0.0017982059990267862	0.0013790383409486265	0.001586104644001989	0.0016126630665875626
('AGC', 'ATC')	0.004261550394946955	0.003956631874502042	0.004287323042855389	0.0032799277422248577	0.0037742101962804516	0.004278607893890944	0.004314602521115161
('AGT', 'AAT')	0.004547811558570936	0.0038459387676397306	0.0046071359980664	0.004786063370483223	0.004178303436870242	0.004543671495157743	0.00458803641904065
('AGT', 'ACT')	0.002461607546843207	0.0019471745928469682	0.002505088996826947	0.002331671898440545	0.0020902192461399937	0.0024638654177055693	0.0025020370846490676
('AGT', 'ATT')	0.004634169044035803	0.004026133101508166	0.004685562105498823	0.004098833758311274	0.003789723352296719	0.0046434714791880535	0.004726095873595368
('AGG', 'AAG')	0.00830273270976618	0.006918576991189848	0.008419725793470192	0.007479624368297522	0.007015494492241421	0.008317035731020281	0.008442862180947754
('AGG', 'ACG')	0.0022567628241772944	0.001746485356593182	0.002299893039713117	0.003176278841331824	0.0019925430432509513	0.0022407845422498154	0.002285525937075011
('AGG', 'ATG')	0.005551488767039613	0.006651614229539176	0.005458502791118129	0.004690418934153088	0.006528252356416635	0.005566451439024039	0.005445157737253993
('CAA', 'CCA')	0.0013590226504924994	0.0015477146305114236	0.0013430738260095613	0.0029389838887553714	0.0015096105175968673	0.0013315679181893309	0.0013426295711879773
('CAA', 'CTA')	0.0025641416399834805	0.004114655968920614	0.0024330874166507283	0.0024114739600044075	0.0023711748328506623	0.0025667945217021366	0.0025851481143648234
('CAA', 'CGA')	0.00503928761458496	0.0047729065511045886	0.005061802958515322	0.006060981426261077	0.004841616858545784	0.005021533805557208	0.005060806163471037
('CAC', 'CCC')	0.001194050509919956	0.0013122416828497488	0.0011840606297337352	0.0018863455276895908	0.001220742656756201	0.00118202061075067	0.0011911447879098874
('CAC', 'CTC')	0.0027901045337070766	0.004547434184959034	0.0026415696454533738	0.00290097077364384	0.0025036412532657725	0.0027881780288883454	0.0028212890863832463
('CAC', 'CGC')	0.006534326696865728	0.0069965344140485415	0.006495259483965271	0.007259572182320546	0.0074512540576340824	0.0065217242227195065	0.0064345094723403
('CAT', 'CCT')	0.0011187051194998824	0.0011405610101119191	0.0011168577926381118	0.0016243539079260421	0.0010764923459266429	0.001109918541836164	0.0011233004256035969
('CAT', 'CTT')	0.0033891526609355223	0.004677002745777212	0.003280299624566847	0.002596828944908081	0.002987777547330078	0.0034029207427049863	0.0034328465799392084
('CAT', 'CGT')	0.009873407738474	0.009140882181656715	0.009935323043691392	0.011552148516237181	0.008926148104997948	0.00984423653000146	0.009976526951144595
('CAG', 'CCG')	0.00131525220328331	0.0019733022755053847	0.0012596317942876432	0.003331523265004907	0.0017666884591108292	0.001280215785357605	0.0012661086003820997
('CAG', 'CTG')	0.004203954099672079	0.009601211849375643	0.003747761332334708	0.0040818663427087155	0.003928488524347923	0.004206075598987221	0.0042339414360278394
('CAG', 'CGG')	0.004834666829608249	0.004898174759421144	0.004829298944731749	0.008373828747174497	0.005472382773836894	0.004773167382234981	0.004765244715805063
('CCA', 'CAA')	0.007121963129539552	0.005894993843266259	0.0072256703342165425	0.0059144673943990105	0.0056362851029464435	0.007142945588705421	0.007283694869149415
('CCA', 'CTA')	0.007048422623122279	0.005496752004456963	0.007179574579606829	0.006574202504928841	0.005841680272828736	0.007056663069838614	0.007179789269246419
('CCA', 'CGA')	0.0015668872415680478	0.0012378472441970456	0.0015946987106374294	0.00221069133528417	0.001347150673051508	0.0015556999613863557	0.0015908078871224398
('CCC', 'CAC')	0.007430574868055142	0.006897494422817441	0.007475632461152264	0.006599427109612066	0.006863202858240362	0.007445017588964881	0.007492339301876457
('CCC', 'CTC')	0.006922583456715704	0.00598625985167889	0.0070017243975997135	0.006658614796693788	0.0062144680044231935	0.006927170397661989	0.006999669300279345
('CCC', 'CGC')	0.002012252545813239	0.0015014292044026683	0.002055428900277951	0.002722633605759238	0.0017557030567591624	0.0019999083683981643	0.002040180666454483
('CCT', 'CAT')	0.0055852208637077174	0.006954401525533182	0.005469493517698112	0.005184564451249635	0.006537537781444119	0.005592183005742089	0.005481551112248449
('CCT', 'CTT')	0.00821577619279171	0.006762538781905071	0.008338608272861816	0.007447126569229191	0.006945021225612798	0.008229132893664351	0.008354111288136032
('CCT', 'CGT')	0.002258090754952656	0.0017342398644826565	0.002302368237792675	0.002842414721079844	0.0018099385990987499	0.002247937051380798	0.002306876848896827
('CCG', 'CAG')	0.007572580204798496	0.005813952261821114	0.0077212248286480335	0.006446963287468051	0.006562193611261048	0.007592139868917349	0.007682571453592842
('CCG', 'CTG')	0.019400385990164023	0.022882286974597623	0.019106085047102574	0.012671617496057894	0.024779049353327573	0.019517310717974943	0.018814861692887402
('CCG', 'CGG')	0.0026566682015497314	0.001900090543667794	0.002720616464067627	0.005854139077126162	0.0026816036761145344	0.0026011062644526873	0.0026539537118640964
('CTA', 'CAA')	0.00421808141710272	0.00902322577640596	0.0038119358883207184	0.003413201414932493	0.0039810126671628795	0.004232067687436829	0.00424388885360552
('CTA', 'CCA')	0.008170032875568278	0.007899515503136072	0.008192897833008837	0.01140284777634398	0.008111146879048917	0.008113856771030376	0.0081764432380326
('CTA', 'CGA')	0.0012901290234522418	0.0015530682284297247	0.0012679045959516737	0.0032295313836356774	0.0016643029544995316	0.0012564283405889633	0.0012493962403715704
('CTC', 'CAC')	0.004267742650574665	0.007003169694067427	0.004036535972907847	0.004709985236842151	0.004589711427291078	0.004260057872287077	0.004232692949746948
('CTC', 'CCC')	0.006607330853514153	0.006602361079667644	0.006607750914031776	0.007979416478373538	0.006777778983321583	0.006583488342308653	0.006588775774921375
('CTC', 'CGC')	0.001503455537453661	0.0014906786138293268	0.0015045354821990391	0.0037955466137318404	0.0019156487866043958	0.0014636262395001944	0.0014585839501734341
('CTT', 'CAT')	0.0034723528888369634	0.004808861692611481	0.0033593870684074786	0.0034626697797623305	0.0032589661712243744	0.003472521150665842	0.003495582286076056
('CTT', 'CCT')	0.005244716281458823	0.005146361556193316	0.005253029524290713	0.005982672045357558	0.005082493331306573	0.005231892942848507	0.005262375962401224
('CTT', 'CGT')	0.0022072444265373516	0.002215226377328045	0.0022065697675922318	0.012170677608652505	0.0037688393041413913	0.0020341114507333143	0.002037248336132822
('CTG', 'CAG')	0.004251669799588118	0.01017816410325075	0.0037507443366258364	0.003906017364353861	0.0037871277504235704	0.004257676146357569	0.00430224010647056
('CTG', 'CCG')	0.004799380693587551	0.0049544386675965685	0.004786274718379163	0.008151688412564579	0.005368718504386603	0.004741128181567983	0.004737402261573347
('CTG', 'CGG')	0.0013056335703687408	0.0020207454220908675	0.0012451901248781514	0.00328664888202665	0.0016980375457383333	0.0012712097859410639	0.0012629162544830902
('CGA', 'CAA')	0.018587786503217622	0.017392532829582204	0.01868881300710765	0.01080417638828392	0.018984901686206694	0.01872304104420415	0.018544556322639683
('CGA', 'CCA')	0.002962638173707791	0.0020664395441087765	0.0030383876286866995	0.005009209052749817	0.0031271260203202746	0.002927075240730184	0.002944731934871965
('CGA', 'CTA')	0.008654728390803224	0.00531677674369654	0.008936862294676088	0.007071824545058565	0.00608337083734436	0.008682234256323293	0.00893464780997476
('CGC', 'CAC')	0.028658217094246756	0.038308719367561354	0.02784252706378624	0.01617862858539175	0.04302293950909361	0.02887507289644418	0.027094465390593014
('CGC', 'CCC')	0.0019219715730627671	0.0013073296164731382	0.001973922995081418	0.00271150199755169	0.001981319582655627	0.001908252029871073	0.0019155109155972697
('CGC', 'CTC')	0.008657362716253815	0.005189702416908517	0.008950459992964597	0.0052422371952666	0.005708087369079306	0.008716706803114779	0.008978422477486755
('CGT', 'CAT')	0.027028555645453107	0.03132242530229534	0.026665624621555202	0.018524217693101093	0.03454748312886425	0.027176334158142586	0.026210041000876285
('CGT', 'CCT')	0.0022610948250200275	0.0016646408240916176	0.0023115089452809927	0.0026352443580143813	0.0019552634869966106	0.0022545932887665125	0.002294387795260131
('CGT', 'CTT')	0.00705334498109292	0.004807075032835998	0.007243206601827707	0.005037967155027494	0.005852305885217441	0.007088365877406306	0.007184090767756289
('CGG', 'CAG')	0.019373230894497665	0.021913448933728194	0.019158523880177195	0.01148037767338022	0.024303089066085703	0.01951038373536878	0.01883656378099854
('CGG', 'CCG')	0.002693326927934278	0.0016556828083261303	0.002781031789252304	0.004592151069352088	0.0025514377704586263	0.0026603313662515514	0.002708773060851071
('CGG', 'CTG')	0.0074423871850809575	0.006103301332653186	0.007555570825561145	0.006443824887639221	0.006159531587268804	0.007459739041506527	0.007582039561833267
('TAA', 'TCA')	0.0013178787497200048	0.001207704997689967	0.001327190972918774	0.0031515266658982146	0.0014512847370583126	0.0012860157448197798	0.0013033560994415514
('TAA', 'TTA')	0.003111392059163579	0.0047137565014845895	0.0029759553053295474	0.0027242010162848974	0.0030652001010014946	0.003118120215636651	0.0031164205415237
('TAA', 'TGA')	0.00775901684111719	0.00739451040588849	0.007789826042217213	0.009721658528702966	0.007538316771892004	0.00772491233219965	0.007783042373896769
('TAC', 'TCC')	0.0008531567828684019	0.0008849891963565623	0.000850466209715584	0.0011587815670885927	0.0008491760784012366	0.0008478459901522437	0.0008535901245796099
('TAC', 'TTC')	0.002640737655514639	0.004805876114127593	0.0024577335169486307	0.002405349616532382	0.0025230915135230985	0.002644827955606262	0.002653544680228004
('TAC', 'TGC')	0.01265221013216195	0.012997797849097685	0.012622999999117004	0.013238201539163622	0.013886167095007272	0.012642027453738222	0.012517880888118197
('TAT', 'TCT')	0.001355846815252383	0.0013372597722089666	0.0013574178490987955	0.0020147699694753837	0.0013954290650652437	0.0013443968135881386	0.001351537869434166
('TAT', 'TTT')	0.0037053913689251736	0.005988232439074114	0.0035124386448793657	0.0030605315250602258	0.004274753391904413	0.0037165969947073876	0.0036434103011595137
('TAT', 'TGT')	0.01461443586795607	0.0128133035406312	0.01476667309264453	0.014938080202253203	0.012460380347741681	0.014608811952416643	0.014848927554758083
('TAG', 'TCG')	0.0012573603765249981	0.0015604233738489247	0.0012317445631178372	0.003392009145160577	0.001624203952953285	0.001220266928227105	0.001217425579941581
('TAG', 'TTG')	0.004266882971395542	0.008599071296231843	0.0039007131362339227	0.003865668079845162	0.0041495619812767235	0.004273854818031269	0.004279654599894471
('TAG', 'TGG')	0.008217990505764257	0.007812162513282278	0.008252292331531888	0.011856752687588323	0.008261908160030786	0.00815476032061952	0.008213209605396232
('TCA', 'TAA')	0.005407520896150346	0.004054989575023105	0.0055218409888547195	0.005554899491642281	0.0039982389519017825	0.005404959922002084	0.005560936115574945
('TCA', 'TTA')	0.0063753797170548535	0.004315381331487267	0.006549497094397859	0.006905542329646712	0.004931102481112627	0.006366167166611616	0.006532604543475357
('TCA', 'TGA')	0.002120616835910127	0.0013086354940250195	0.002189247987609567	0.0027215960946254687	0.0014487653294562356	0.0021101737159979405	0.002193754966079197
('TCC', 'TAC')	0.007119004219154872	0.005253061242913166	0.007276719438531266	0.006552364963534175	0.005565472011000673	0.007128850618356817	0.007288122602860727
('TCC', 'TTC')	0.00630701822306682	0.004355921889934441	0.006471930865158511	0.006410761791434222	0.004900302921557131	0.006305215487766281	0.006460154036329598
('TCC', 'TGC')	0.002553149576651627	0.0015883316217830893	0.0026346989473172095	0.002832063441999054	0.0018006597572815055	0.0025483029352763144	0.0026350660385949464
('TCT', 'TAT')	0.005366675809412105	0.004390194730014176	0.005449210983109821	0.005127215470060174	0.004414063722408448	0.0053708368732122294	0.00547037769316264
('TCT', 'TTT')	0.005604223375080788	0.004504301112864765	0.00569719217589151	0.005683178593319711	0.004785612738346829	0.005602851382953267	0.00569333778612564
('TCT', 'TGT')	0.003730672460574611	0.0024948683708010074	0.00383512640992169	0.003706420821730246	0.002691427375785047	0.0037310938774019744	0.00384380526084187
('TCG', 'TAG')	0.008761145070239314	0.005585306887699384	0.009029576647217116	0.007253588631814984	0.006343945671253397	0.008787341635981882	0.009024282746629659
('TCG', 'TTG')	0.018568671884965457	0.016412209470008956	0.01875094269772997	0.011468511755707475	0.01937290936167704	0.018692050225482683	0.018481122144146937
('TCG', 'TGG')	0.00283443886946592	0.0020622671585351572	0.002899705189142516	0.003822837251902492	0.0024898281397929996	0.002817263629756548	0.002871953385936244
('TTA', 'TAA')	0.0031442067834744334	0.004714549273395061	0.0030114766232030078	0.002401129505792294	0.0030417999380550455	0.0031571191178059784	0.003155354849853
('TTA', 'TCA')	0.00783302413608662	0.007563937879308075	0.007855768131245831	0.009978027057403532	0.007640085500567557	0.007795750765343035	0.007854027543690361
('TTA', 'TGA')	0.001304162291928091	0.0011693797288288702	0.0013155545272632364	0.003121468357529982	0.001383198954537747	0.0012725832567367713	0.0012955583167006124
('TTC', 'TAC')	0.002806798025618617	0.0032548866485921273	0.0027689242018350668	0.0028818615434789974	0.0027199134591935105	0.0028054936589425998	0.0028162563280378877
('TTC', 'TCC')	0.004453011046088612	0.00430338532803715	0.004465657870373868	0.004708924090651956	0.004445256153489153	0.004448564086276421	0.004453855248027491
('TTC', 'TGC')	0.001099780967456845	0.0009659397283076193	0.0011110936392066243	0.002580490401677272	0.001212491542050119	0.0010740509177880348	0.0010875112313665845
('TTT', 'TAT')	0.0020019373553498174	0.0021697529755320666	0.001987753064785302	0.0021137104504070714	0.001826895729634842	0.0019999950922555236	0.0020209924844722025
('TTT', 'TCT')	0.003609334914868381	0.003725295435586685	0.003599533576243916	0.0031418609657902644	0.003691927453625878	0.003617458134489109	0.0036003438449777707
('TTT', 'TGT')	0.0017186460152793872	0.001624169333292322	0.0017266314740073683	0.007170958416936583	0.002438887639065201	0.001623902059671129	0.0016402401099154713
('TTG', 'TAG')	0.0025413304417206597	0.004218924891143338	0.0023995350171100824	0.002538923248280223	0.002331598938236774	0.002541372271133882	0.0025641619303085512
('TTG', 'TCG')	0.00499556510330891	0.004740127632286255	0.005017155461263167	0.005913441489665329	0.004709792579475882	0.004979615312982078	0.0050266744598349705
('TTG', 'TGG')	0.0013827369967660038	0.0015424783825716045	0.0013692351652381384	0.002688901836786228	0.001422070335631222	0.0013600399804354043	0.0013784551475325443
('TGA', 'TAA')	0.006361925031886178	0.004259462675593763	0.006539631594184851	0.0062925291757202325	0.0048628715395053765	0.006363130912516568	0.006525112832170839
('TGA', 'TCA')	0.002106195889302917	0.0013479030712322821	0.002170289122416844	0.0023952207830160886	0.001447913820767759	0.002101173550214035	0.0021778568428826844
('TGA', 'TTA')	0.005385967595114538	0.003932496089007714	0.005508819461630142	0.0052877543557261954	0.0038493318649679455	0.005387674230777955	0.005553246618789122
('TGC', 'TAC')	0.006982677056094297	0.006889595251778785	0.0069905446154862475	0.005784409643827423	0.007260879608453368	0.007003499156177951	0.006952391770890134
('TGC', 'TCC')	0.0011772230320476135	0.001025784181931508	0.001190023107812135	0.0011876203375007994	0.0010233780767187372	0.001177042359743143	0.0011939706797950858
('TGC', 'TTC')	0.005787794485353897	0.004253176802098103	0.005917505075471217	0.004471041270591244	0.0040570499050916215	0.0058106754941692745	0.005976204306846679
('TGT', 'TAT')	0.0054489554331943425	0.004650584108518006	0.005516436224525256	0.005063409635978749	0.004919647659559256	0.005455655000498162	0.005506576173009236
('TGT', 'TCT')	0.0018025288257775393	0.0013674333733829365	0.0018393044269603255	0.0018339908917718306	0.001444507049845915	0.0018019821145173775	0.0018415032762326056
('TGT', 'TTT')	0.005920527481494662	0.004364427923353206	0.006052053785518221	0.004365695709761205	0.004069937630238131	0.005947545543099984	0.0061219837261120855
('TGG', 'TAG')	0.00702438324545371	0.005327985784743844	0.007167767958208596	0.006406859252211595	0.0057118540949134934	0.007035113860556577	0.007167265901726354
('TGG', 'TCG')	0.0015418704591996857	0.00120423610329443	0.0015704083497936733	0.001858566377668589	0.001321518985391378	0.0015363672851644613	0.0015658580436875161
('TGG', 'TTG')	0.007100096577465561	0.0057327710295486944	0.007215667123561781	0.005956647520975106	0.0058444076709557894	0.007119966107798328	0.007236791573032223
('GAA', 'GCA')	0.0011068353248348197	0.0009507896603875636	0.001120024782666272	0.0026219169075362924	0.0012404841986299409	0.001080507995870557	0.0010922862338010443
('GAA', 'GTA')	0.0028163006817184034	0.003123137340968714	0.002790365906839135	0.002895426225228927	0.0027369413271359014	0.0028149257298760335	0.002824939785374246
('GAA', 'GGA')	0.004418481461926105	0.004336427624985019	0.004425416903715385	0.005083500766770005	0.00449757564609083	0.004406925528433078	0.004409871224870022
('GAC', 'GCC')	0.0009312177111553224	0.000855417066617013	0.0009376246139569883	0.001764763434991425	0.0010258437669569771	0.0009167333211866594	0.0009209166658795063
('GAC', 'GTC')	0.0027060633487533377	0.0035945717161034053	0.0026309638983099907	0.00348800302445364	0.0030089009080111334	0.0026924757087823845	0.0026730962829414535
('GAC', 'GGC')	0.007294775147058697	0.007980859227905536	0.007236785217731193	0.0076819114229038496	0.008376520054835317	0.00728804794226356	0.007177015792328245
('GAT', 'GCT')	0.0010670501952237137	0.0009032069305082661	0.001080898730129099	0.002783021554046281	0.0011694537810219674	0.0010372320369325797	0.001055902483689326
('GAT', 'GTT')	0.003392585832477343	0.004192746563023611	0.0033249537950778615	0.0039083963901087124	0.0038734849217560183	0.00338362267538465	0.0033402348890739534
('GAT', 'GGT')	0.006642309540472446	0.006212463905783794	0.00667864141097229	0.008485934574632923	0.006588099354626015	0.006610273164797846	0.006648210891575838
('GAG', 'GCG')	0.0014662713332815008	0.0014398361970143364	0.0014685057120212084	0.0041171547558858015	0.0019268143727386798	0.001420207358437075	0.00141613636082894
('GAG', 'GTG')	0.004334050120254955	0.006587593419482735	0.004143573733603647	0.0044550367571287094	0.00453073526516293	0.0043319477549265	0.004312638865547011
('GAG', 'GGG')	0.006662343652825712	0.006661642138186329	0.006662402946993142	0.00800905484427633	0.006906051062516488	0.006638942069068122	0.006635813528115257
('GCA', 'GAA')	0.005817269247821737	0.00440855386369012	0.00593633818973266	0.004532416221236402	0.004071702407699114	0.005839595932198249	0.006007292628799989
('GCA', 'GTA')	0.006969158804799951	0.006934734937181539	0.0069720684155985405	0.006672723881264703	0.0073426934632565615	0.006974309906785163	0.006928495613290488
('GCA', 'GGA')	0.001156190326948264	0.0009350548876394206	0.001174881372048011	0.0009792257268103337	0.000915098688161905	0.0011592654123404008	0.001182435697377364
('GCC', 'GAC')	0.0067255735955081926	0.0055304518047623015	0.006826588952252182	0.006073820887894817	0.0057710400046129436	0.006736898997475058	0.006829484655245377
('GCC', 'GTC')	0.007252306761460402	0.00806194084720006	0.007183874007044603	0.0066522800200752765	0.008739902001536442	0.007262733329632155	0.00709036631292018
('GCC', 'GGC')	0.0020547533525275227	0.0018897030880169181	0.0020687039067549904	0.0025488355511701466	0.0019907729280217944	0.0020461677656340065	0.002061718297267278
('GCT', 'GAT')	0.00426502557894958	0.003948311989811665	0.0042917951822152595	0.0035083081122373643	0.0037998021842153883	0.004278174936651899	0.004315670057491211
('GCT', 'GTT')	0.006541572312228938	0.006614131577505736	0.0065354393807371255	0.005621919966741023	0.006841645144061282	0.00655755296311194	0.0065089062161884734
('GCT', 'GGT')	0.0016051250753736656	0.0014873130560184408	0.0016150829083376775	0.002099233542568259	0.0015609457293946033	0.001596539032015747	0.0016099344636476551
('GCG', 'GAG')	0.008571863379232936	0.006032339013426512	0.00878651176214953	0.004512356618139585	0.0055110688947814625	0.00864240477525558	0.00890506317602456
('GCG', 'GTG')	0.028550270366867907	0.038231184632634245	0.027732009821594093	0.013627316986781546	0.042424239754129664	0.028809584127421562	0.02703994231184425
('GCG', 'GGG')	0.001775721383362047	0.0016415873380800014	0.0017870588039836089	0.0012634598530790837	0.0017114145570688872	0.0017846228695773635	0.001782721860382652
('GTA', 'GAA')	0.002639894894106237	0.005401950592100253	0.0024064374809454427	0.0030175205749045867	0.0026340735759379486	0.0026333329533914647	0.0026405286060527883
('GTA', 'GCA')	0.012631043072787765	0.012726303530143656	0.012622991366963378	0.013192880653071216	0.013698403486453663	0.012621280111525818	0.012514849622118825
('GTA', 'GGA')	0.0008542951581267743	0.000803564180604237	0.0008585830958349574	0.0014210416660887877	0.000860728561314602	0.0008444468952181473	0.0008535948142631954
('GTC', 'GAC')	0.002726121066618882	0.003574672865215879	0.0026543988678314834	0.004124413097933971	0.0029820155471678425	0.0027018231709036566	0.002698264250569278
('GTC', 'GCC')	0.00729620585691232	0.007571765776766037	0.007272914687908537	0.007792860928759664	0.007954445341054729	0.007287575561614969	0.007224549539093332
('GTC', 'GGC')	0.000939150654426684	0.0007721656760949167	0.0009532647365961199	0.0018653124563520473	0.0009735721858951845	0.0009230568897662053	0.0009354035072892913
('GTT', 'GAT')	0.002121348857179298	0.0025454491497171185	0.0020855026006072375	0.0024735233575745113	0.002086211619759747	0.0021152291775326107	0.002125173916466189
('GTT', 'GCT')	0.008163025713869293	0.008853095711689747	0.008104698882622538	0.006546771060536887	0.008786880106992566	0.008191111111008393	0.00809511257626003
('GTT', 'GGT')	0.0013289714455410517	0.0012138021408373296	0.0013387059081629263	0.004395881184385137	0.0018219269638933215	0.0012756782483164648	0.0012753080325361378
('GTG', 'GAG')	0.002811562705816859	0.0045960115516331	0.0026607356201195716	0.002733550509938088	0.002422479117779514	0.002812918311196514	0.0028539185624833464
('GTG', 'GCG')	0.006619403945255209	0.006820693314236224	0.0066023903508468105	0.00764539908248309	0.007455687264331633	0.006601575392785205	0.006528365676141752
('GTG', 'GGG')	0.0012112431964775795	0.0012886305300912901	0.0012047021818521364	0.001594571130797218	0.0010997757958017427	0.001204582168620565	0.0012233775999609734
('GGA', 'GAA')	0.006327378280238116	0.00434674498523883	0.006494787476876149	0.006379828057054576	0.004994785023273697	0.006326466868902838	0.006472445126340333
('GGA', 'GCA')	0.002525810495743121	0.0015785844304369292	0.0026058729459846083	0.0029841131234610114	0.0018596175422672234	0.0025178466446984797	0.002598332632675148
('GGA', 'GTA')	0.007142219641350688	0.005245974330434153	0.007302496106928981	0.007035818441953333	0.005684029551574906	0.007144068557878163	0.007300959028808754
('GGC', 'GAC')	0.007340320885368437	0.00807101617464857	0.0072785602799729674	0.0058787002254815065	0.008553477531560051	0.007365719232476053	0.0072082559754109545
('GGC', 'GCC')	0.001984688807088128	0.0018314388372729072	0.001997641964240613	0.0020620671560150515	0.002001475978687341	0.001983344215965004	0.001982861346213517
('GGC', 'GTC')	0.006632518572628882	0.005395212678632959	0.006737099459071788	0.006439437785450512	0.005673995581090057	0.00663587370641096	0.006736863920747894
('GGT', 'GAT')	0.005229075729333366	0.004548322291980037	0.005286615096334637	0.005338787524432006	0.004809012547673963	0.005227169285116897	0.00527480404186123
('GGT', 'GCT')	0.0020260256515867285	0.0015334115541003814	0.0020676629049445183	0.002386966435838201	0.0017498845921661357	0.0020197536416355134	0.002056086521518431
('GGT', 'GTT')	0.00741319984958462	0.00575827984638737	0.0075530787605041505	0.006249843415973304	0.006403563181477525	0.007433415307207547	0.0075231094610778435
('GGG', 'GAG')	0.006925073864508916	0.0057918037822965686	0.007020861325275173	0.006163535338787476	0.006140779040009776	0.00693830699697818	0.007010452637071189
('GGG', 'GCG')	0.002001962587785925	0.0014382331539931077	0.0020496107273333835	0.0028822287555481008	0.0018052038886460899	0.0019866663441780643	0.0020233818496486265
('GGG', 'GTG')	0.007373937607394587	0.0069417424527189854	0.007410468066524893	0.006178315999072339	0.006827373681417903	0.007394713731768667	0.007433436861589601
