Gene	Length_filtered
MAFK	60586
HLF	55753
RAD21	54820
CTCF	47498
CEBPA	44752
SAP130	43748
ARID5B	39712
FOXA1	38408
GATAD2A	37822
FOXA3	35464
RARA	34395
MAFF	34144
CEBPG	33704
SMAD4	32899
SOX13iso1	32867
ARID4B	31254
ZNF219	30649
BCL6	29550
CEBPB	28694
JUND	27872
ELF3	27326
NFIL3	26587
NR2F6	26382
FOXA2	26175
RXRB	25343
THAP11	24932
TEAD1	24778
TEAD3	23150
ZGPAT	21244
KAT8	21201
SMC3	20362
SOX5	20310
USF2	19425
KDM2A	19252
PROX1	19185
EP300	18823
HNF4A	18671
POLR2AphosphoS5	18358
GABPA	18246
FOXP1	17998
KDM6A	17842
PPARG	17802
MIXL1	17644
POLR2A	17479
KLF16	17363
GATAD1	17256
ASH2L	17013
MAX	16995
DRAP1	16926
ERF	16811
GABPB1	16534
NFIA	16438
ZNF644	16399
SP5	16278
ZNF143	15885
USF1	15502
CREB1	15216
ZNF331	15159
TFE3	15013
FOSL2	14788
HNF4G	14674
CREM	14541
ARID3A	13899
BHLHE40	13753
DMAP1	13135
HOMEZ	12701
KMT2B	12695
RCOR2	12446
THRA	12085
MYBL2	11829
HDAC2	11754
TBP	11579
TGIF2	11494
ZNF792	11453
TCF7	11411
TAF1	11371
HMGXB4	11352
SP1	11307
ZNF384	11290
ETV4	11211
NFYC	10859
JUN	10567
TFAP4	10371
MXD4	10164
NRF1	10079
ZNF48	10054
FOXK1	9975
MIER2	9918
MLX	9864
HMG20A	9858
ZNF12	9804
PRDM10	9754
SIN3A	9702
ZNF511	9607
RREB1	9518
ZSCAN9	9471
KLF6	9414
UBP1	9306
NFIC	9051
MAZ	8688
REST	8653
ZNF652	8421
ZMYM3	8417
NR2F1	8377
HMG20B	8368
SIX4	8348
HNF1A	8215
MXD3	8036
RXRA	7964
THRB	7955
TFDP1	7900
MIER3	7860
ZNF335	7859
ATF1	7775
ZBTB26	7719
KDM1A	7575
MXI1	7568
RERE	7549
HMGXB3	7363
MBD1v2	7346
NR2F2	7338
HBP1	7308
KLF10	7280
ZKSCAN8	6996
KDM3A	6935
FOXO1	6932
ZBTB7A	6931
NFE2L2	6801
ZNF580	6790
ZNF281	6528
YY1	6360
ZNF544	6359
CBX5	6218
NCoA2	6171
HHEX	6086
ZFP64	6001
CEBPD	5934
GATA4	5778
MBD1	5378
SLC30A9	5315
ZNF7	5073
KLF11	5033
ZBTB21	4977
SSRP1	4889
TBL1XR1	4874
FOS	4820
RFX5	4742
ZHX2	4719
ZFP1	4699
SOX13	4697
PBX2	4678
KAT7	4635
CHD2	4532
HCFC1	4471
BACH1	4385
RFX3	4361
