Gene	Obs_core101	Obs_flank	Exp_core101	Exp_flank	FC_50	FC_dhs(250)	FC_flank	Odds Ratio	P-value50	fdr_50	fdr50_log10	log2Fc	log2OR
ARID3A	2184	25408	1401.878386786313	26190.12161321377	1.5579097449434498	1.105147224132473	0.9344392297231608	1.6068654631362629	7.166796163089105e-42	7.453468009612668e-41	40.12764160819268	0.6396116555470799	0.6842491425840351
ARID4B	3808	46433	2667.1187405837263	47573.88125941639	1.427757955450675	1.0415393157446633	0.9577687795893304	1.4628766885801023	8.326416612563395e-49	1.2989209915598898e-47	46.88641726461066	0.513751423296597	0.5488081643692735
ARID5B	4973	66839	3731.243991219345	68080.75600878091	1.332799466264563	1.0589063155445912	0.9608821496294468	1.3576343372697846	5.374093953361965e-43	5.988276119460475e-42	41.2226981825452	0.41445972807178383	0.44109495907863727
ASH2L	1522	27245	1506.2730899543958	27260.72691004569	1.010440942051272	1.0410656663694615	0.9877905273904136	1.011180578962671	0.779435195589965	0.7895577305976268	0.1026161099072914	0.014985001975288473	0.016040660060299167
ATF1	953	13039	735.4090359647901	13256.59096403526	1.29587746872018	1.107712621346306	0.9489854446340256	1.318177127435068	4.8851859582693616e-08	7.189518957453023e-08	7.1433001667955125	0.37392931110297645	0.39854424265439425
BACH1	490	9102	484.3207156393324	9107.679284360696	1.0117262883400944	0.9916815830772324	1.0011799244706885	1.0129528339062708	0.8693951979447558	0.8693951979447558	0.06078276293958472	0.016819037201035048	0.018566999535185987
BCL6	3590	49022	2717.303318075946	49894.69668192425	1.3211627778609525	1.060921768811928	0.9615796795011724	1.3448136458213569	8.158584121727341e-30	4.7138486036646864e-29	28.326624369976493	0.40180822914731057	0.42740626878466514
BHLHE40	1623	20970	1221.6606710939311	21371.339328906128	1.3285194804107847	1.011557706990211	0.9728133084214864	1.3546567636696392	7.269107193019127e-15	1.5971559466351883e-14	13.796652677188632	0.40981938257887685	0.4379273548409973
CBX5	837	9852	582.129403803862	10106.870596196177	1.4378246392137444	1.0689513475112833	0.9492584751856392	1.4752219445735022	2.640144487356773e-12	4.734052184225937e-12	11.324766959081956	0.5238877317133335	0.5609320217610516
CEBPA	5797	79281	4332.476565905461	80745.52343409476	1.3380337808678862	1.0603939578282064	0.961031178002939	1.3628917789911064	5.080515525279433e-51	9.907005274294895e-50	49.00405760579754	0.42011453965304146	0.44667100886985156
CEBPB	4192	58003	3159.7761674926955	59035.22383250752	1.3266762510353325	1.029633406657358	0.969915950322516	1.3506124823738663	1.839277818261685e-35	1.3042151802219221e-34	33.88465074919201	0.4078163526139972	0.43361379608925577
CEBPD	766	8782	517.9066137784547	9030.09338622158	1.479031121868763	1.036022285242368	0.95613300241282	1.5234652205341768	6.506906035955245e-13	1.2084254066774027e-12	11.91778015242904	0.5646524100389663	0.6073565648517014
CEBPG	4381	57932	3203.793186099951	59109.20681390021	1.3674415748830182	1.0624166460216131	0.9582068824060052	1.395569291580002	2.28632933933868e-44	2.743595207206416e-43	42.56167996448305	0.4514791939485956	0.4808537576086208
CHD2	409	6267	376.42527049079126	6299.574729509232	1.0865370421776868	0.9529691149060256	1.0069456395095082	1.0933202115777	0.2390746371538961	0.2537118598367877	0.5956592310782824	0.11973735965964244	0.12871599936118444
CREB1	1848	25396	1417.2867094465162	25826.71329055358	1.3038999009040926	1.1231242198742135	0.9456928446602824	1.3262455659307868	7.730278003185562e-15	1.6748935673568717e-14	13.776012785390252	0.3828331195595412	0.40734792775051437
CREM	1831	24136	1348.5198222421425	24618.480177757912	1.3577850097565882	1.0971061776544089	0.9482796000783712	1.385434257801243	9.67202054626029e-19	2.694348580743938e-18	17.569546218226858	0.4412550628577985	0.4703382530824677
CTCF	7821	91036	5184.683863411943	93672.31613658836	1.5084815595397068	0.9535100079288014	0.9769406246689945	1.552365273078782	3.35108211994142e-127	1.7425627023695384e-125	124.7588115857963	0.5930970603406136	0.6344680650348888
DMAP1	1304	18985	1099.3514243163863	19189.648575683685	1.1861539187170027	0.9961386616773183	0.9874518297503272	1.1992828973019505	1.7642543900842162e-05	2.332404108924896e-05	4.632196202167029	0.24629123025632108	0.26217201437653515
DRAP1	1901	25383	1463.626974708812	25820.373025291265	1.2988282074933766	1.0685322012031662	0.9597342195028898	1.3217553559307365	6.7967624015829125e-15	1.5147070494956204e-14	13.819671353359576	0.3772106220194454	0.4024551727253292
ELF3	3457	43971	2494.143821079919	44933.85617892023	1.386046775162782	1.049162550010888	0.9591740049076332	1.416452461733135	4.089540392489563e-38	3.189841506141859e-37	36.496230895224336	0.4709759451783744	0.5022821835213603
EP300	2438	32730	1784.153825844331	33383.84617415579	1.3664741036811907	1.088183488208857	0.9518573562359752	1.3938569612223397	2.899944767651098e-25	1.3305628933928566e-24	23.875964592282898	0.45045811932344393	0.47908251821974335
ERF	2086	25859	1500.6996391415496	26444.300360858528	1.3900183258478438	1.046163640145675	0.9588823712698684	1.422127279992781	4.536007794947705e-24	1.8621505684522157e-23	22.729985206059187	0.4751039034059926	0.5080505915374247
ETV4	1354	18128	1024.702737526812	18457.29726247324	1.3213588198934345	1.0832944774572597	0.9548028503113354	1.3462630538738416	3.1075525298880165e-12	5.50884312116512e-12	11.258939595131203	0.40202228898230064	0.42896033375202736
FOS	580	7531	429.6681706720841	7681.331829327944	1.3498789056046854	1.0621688561390872	0.9578626900252564	1.3789096752846586	1.0372532594341677e-06	1.4577613375831545e-06	5.836313572214821	0.43282999237282715	0.46352795700651617
FOSL2	1848	25879	1420.8697215080372	26306.130278492048	1.300611852041318	1.059532704625774	0.9630379478450912	1.3228815141321284	1.2587233623606687e-14	2.653524926057626e-14	13.576176828442193	0.37919047574866194	0.40368385025682546
FOXA1	4808	70314	3769.270838677181	71352.72916132306	1.2755782764836712	1.0585713924802007	0.96622917331227	1.294501827314692	6.916509987685847e-31	4.315902232315968e-30	29.36492840190539	0.3511514333423964	0.3723970017432258
FOXA2	3316	49361	2631.838451022245	50045.16154897792	1.2599557540137072	1.0601728573348124	0.9669030517355248	1.277822167452071	6.213346653905776e-20	1.864003996171733e-19	18.729553160912577	0.3333730713554984	0.3536870726021385
FOXA3	4529	59856	3322.7694717117474	61062.23052828847	1.363019625212475	1.063387056594563	0.9578205946070252	1.390804306011731	5.662421912288719e-45	7.361148485975334e-44	43.13305442177531	0.44680633469842834	0.4759194388535838
FOXK1	1318	16034	922.7016123390332	16429.298387661023	1.4284141074153884	1.0876431854195454	0.9453256237907924	1.4647170586798064	5.1541666236579675e-18	1.3862930918804189e-17	16.85814494091491	0.5144142875648408	0.5506220042631931
FOXO1	1039	12827	698.5765665341216	13167.423433465923	1.4873101242929403	1.1523146933580932	0.92632920395715	1.5279947630166757	2.881137580006478e-17	7.490957708016843e-17	16.125462654834845	0.5727055002015105	0.6116395987513981
FOXP1	2302	31601	1716.9382594511058	32186.061740549005	1.340758753163282	1.0911234503404974	0.953298762405598	1.3663256355892666	1.5591166414646637e-21	5.0671290847601566e-21	20.295238031946756	0.42304967204809685	0.45030136127265674
GABPA	1929	29279	1655.2771110381725	29552.72288896193	1.1653637853967254	1.0567212791931602	0.9726767973613164	1.176426687347654	2.6138694370392757e-06	3.6085277183905044e-06	5.442669954382334	0.2207803836026207	0.23441141737859086
GABPB1	1538	23108	1401.873159217056	23244.12684078306	1.0971035359996268	0.961065716940172	1.003856328189476	1.1042482205333932	0.0096725201360987	0.011431160160843919	1.941909690349814	0.13369968237261864	0.14306450751529268
GATA4	802	9464	539.2277571499703	9726.772242850064	1.4873121595944612	1.072016873223128	0.9455271488928836	1.5291325628845251	1.1511351314336164e-13	2.2731276013119514e-13	12.643376184604884	0.5727074744484102	0.612713481601324
GATAD1	1997	25860	1516.2885906011952	26340.711409398915	1.3170316075571122	1.0250382034873031	0.9701341888106566	1.3417330378514714	5.354801287338943e-17	1.3694245915161886e-16	15.863461877532021	0.3972899693747736	0.4240976497191409
GATAD2A	4990	62434	3480.0621389772336	63943.93786102301	1.433882442532054	1.0711664193348918	0.9510541216365758	1.468564919497518	1.1698373282597557e-64	2.607066045836027e-63	62.5838479665383	0.5199267489155623	0.5544070429640555
HBP1	769	10841	635.6416911644797	10974.358308835566	1.2098010729774682	0.9784987025436972	0.9895303075060368	1.2258807516231396	0.0002479841866328	0.00031198010576384517	3.5058730990342903	0.27476984533250415	0.29381864672097324
HCFC1	402	6253	379.93516605336765	6275.064833946655	1.0580752610394928	0.9719195147291324	1.0041117585294712	1.06441783933158	0.417158662665427	0.43097186341593785	0.3655510824194877	0.08144225019933647	0.09006459482219951
HDAC2	1530	19522	1085.7711784181413	19966.22882158193	1.409136685898271	1.1150703093835734	0.9415282462280826	1.4422098287315692	2.5735340129741674e-19	7.434653815258706e-19	18.128739249014675	0.49481155948523714	0.5282810791750935
HHEX	895	10974	603.7935332716178	11265.20646672842	1.4822947757497469	1.127348567381172	0.933489643859898	1.5236035060708848	6.673669305545084e-15	1.5088295821232364e-14	13.821359809742656	0.5678323769445808	0.6074875129044515
HLF	6533	111769	6020.047815010759	112281.95218498952	1.0852073273754097	1.021274071986586	0.988615996439672	1.0901871872126865	2.6446214702783776e-06	3.618955696170412e-06	5.441416733561183	0.11797069391604896	0.12457586975241773
HMG20A	1436	17509	962.3585152308278	17982.64148476922	1.4921673963216986	1.1077593481113432	0.9385093845393762	1.533048937469521	1.3703505209890438e-23	5.481402083956175e-23	22.26110833942778	0.577409391019712	0.6164037509547567
HMG20B	1143	14121	792.0041862712427	14471.9958137288	1.4431741900017552	1.0933489747604603	0.9441032701717356	1.4789522052906374	1.6884627884702462e-16	4.248390241957394e-16	15.371775597353952	0.5292454425075954	0.5645754301892913
HMGXB3	892	11736	676.1778154146081	11951.82218458544	1.3191796294781684	1.0825070543067747	0.9547782967058958	1.3436999592615448	1.9721526729227903e-08	2.9582290093841857e-08	7.52896820841146	0.3996410262366145	0.4262110282876051
HMGXB4	1464	16435	994.7760484046252	16904.223951595428	1.4716880270166277	0.9791056787120848	0.9704836249850716	1.51486687083254	8.353616601811627e-23	3.257910474706535e-22	21.48706085399778	0.5574718768449892	0.5991910126890242
HNF1A	1216	14656	802.1373596903537	15069.8626403097	1.5159498374061622	1.1442579443253549	0.9263952618940886	1.5589356303564237	1.5455400960496796e-21	5.0671290847601566e-21	20.295238031946756	0.6002220156971967	0.6405613592847073
HNF4A	2432	31827	1742.1931123356114	32516.806887664487	1.395941691411937	1.0860117003058236	0.950849758384578	1.4263195359729843	2.783355517102011e-28	1.4972533126479783e-27	26.824704717373393	0.4812386813271524	0.5122972225405762
HNF4G	1881	24703	1352.1600498979008	25231.83995010218	1.3911075099002008	1.0957851606301805	0.9484896529402506	1.4210091328772805	7.84617605156294e-22	2.660877095747432e-21	20.574975184776456	0.4762339209629761	0.5069158268638885
HOMEZ	1650	21936	1236.0956247047254	22349.90437529536	1.3348481840910542	1.0929165333797968	0.9516142237985804	1.360085252420103	1.9116340416615777e-15	4.518407734836456e-15	14.345014581516647	0.4166756696180034	0.4436970848498167
JUN	1357	21953	1183.5314559321598	22126.46854406792	1.1465685962112555	1.0392855230191362	0.9800336339219654	1.1561232463159308	0.0004134433167107	0.0005112107930055213	3.291399985653139	0.1973226701855023	0.20929520179281685
JUND	3570	61164	3289.687868953457	61444.312131046725	1.0852093396738332	1.031823915815717	0.9857470345887738	1.0904052741962509	0.0005116876450693	0.0006236193174282094	3.205080440432302	0.11797336910095733	0.12486444546409982
KAT7	424	6844	406.4019353505447	6861.59806464948	1.0433021182201705	0.965064051609986	1.0067174382692332	1.0469290277629826	0.5434206195814947	0.5577211622020604	0.25358287630239146	0.06115699231918098	0.06616364402143843
KAT8	2600	32601	1879.547898240581	33321.452101759525	1.3833113816539735	1.0558934491874403	0.9565414151154112	1.4142743754583027	7.995727493208391e-29	4.454762460501818e-28	27.35117544871884	0.4681259418852268	0.5000620364932729
KDM1A	842	12791	684.8563274279479	12948.143672572089	1.2294549473788496	1.146018173570822	0.9466994585588204	1.2461036885858614	3.477355087162014e-05	4.558549526027514e-05	4.341173322478149	0.29801886922924603	0.3174241203560517
KDM2A	2294	27538	1674.2396128928297	28157.76038710728	1.370174246466621	0.9878967012960472	0.9749793499055286	1.4011735971573287	2.199870085626137e-24	9.275127928585876e-24	23.032680091600167	0.45435937386331693	0.4866357082618421
KDM3A	827	10276	612.8851852350157	10490.114814765018	1.3493555072356338	1.056082167593046	0.9578017602777932	1.379448464217658	5.115381353900734e-09	7.90098506147044e-09	8.102318759330917	0.43227049725279465	0.46409155904243615
KDM6A	3138	31014	1772.0894974640491	32379.910502536048	1.7707909247758868	1.0499213826558755	0.9322519704866576	1.8488210232297333	5.1840381709786557e-92	1.6174199093453408e-90	89.79117721532111	0.8243938848199474	0.8866055701198448
KLF10	778	10933	638.3245454180445	11072.675454581997	1.218815735012165	1.050993986644711	0.9695561645068342	1.2349394014898956	0.0001369784610671	0.0001737287798899805	3.7601282304183936	0.2854800305698252	0.3044402504618108
KLF11	653	7930	459.9721456812589	8123.027854318771	1.419651181340231	1.0813394117072097	0.9471625229861004	1.4572825403105056	1.990388564280953e-09	3.1363698588669563e-09	8.503572728451388	0.5055364925677762	0.5432806165838238
KLF16	2244	26676	1549.145788058475	27370.8542119416	1.448540232493145	1.039265278426614	0.9571739539465454	1.4863651821281532	1.471404603604031e-31	9.5641299234262e-31	30.019354532865357	0.5345997553106113	0.571788612323397
KLF6	1109	13994	825.7073384439238	14277.292661556126	1.3430908850706738	0.9958816295531808	0.9758879078458886	1.3714269751971624	2.6911133472504315e-11	4.514125614742659e-11	10.345426359961284	0.4255569332123529	0.4556778045954245
KMT2B	1358	18761	1103.075180857434	19015.92481914264	1.2311037575375503	0.9951799673179188	0.9841055634232984	1.2478563799838818	1.2332223603155773e-07	1.797969048684393e-07	6.745217788743655	0.2999523574167956	0.31945189909740734
MAFF	4822	85801	4500.719511910819	86122.28048808937	1.071384250282413	0.9993720251646748	0.9955194070375204	1.0755644754205145	0.0006403475020795	0.0007743737234449769	3.1110493922136913	0.09947599321194064	0.10509401065716732
MAFK	8528	159092	8317.600226261073	159302.39977373974	1.0252957305010446	1.0000721770053262	0.9984399443317016	1.0267232034158886	0.0968576362039611	0.10870353415696353	0.9637563359512722	0.036040092551480725	0.03804729472043311
MAX	1644	24616	1450.553474856651	24809.446525143423	1.1333604920442288	0.9838420822196108	0.9942195492431224	1.1426825277643922	0.0003466286525965	0.00043259255844043195	3.363920955669129	0.18060681734893816	0.1924246343140449
MAZ	726	11372	683.3844052999697	11414.61559470006	1.0623596242020248	0.9538279236062098	1.008713999039058	1.0668833419423216	0.2489101849724174	0.26236478956552106	0.5810944494924828	0.08727222210017287	0.09340243370458305
MBD1	797	8266	485.757208770998	8577.242791229031	1.6407373593414485	1.0407659696796665	0.9422769775787938	1.705126452665371	1.4052573549790818e-19	4.136229195787486e-19	18.383395404220707	0.7143443182538158	0.7698787338936957
MBD1v2	942	11227	659.0328725763177	11509.967127423726	1.4293672428167292	1.0566310910107202	0.9536204053871592	1.4653432078234334	2.687512440655271e-13	5.175949885706447e-13	12.286009937220832	0.5153766311448947	0.5512386074699228
MIER2	1365	17689	1007.4287684895984	18046.571231510454	1.354934505241989	1.0814913349207906	0.9525916940784932	1.382868397670599	3.3828666074338673e-14	6.943778825785307e-14	13.158404120819862	0.438223116342061	0.4676638672173057
MIER3	1053	12746	732.7967463799101	13066.20325362014	1.4369605285530076	1.0997236974683675	0.9411147853678892	1.474640067086299	4.122989968783317e-15	9.458624046032317e-15	14.02417203618572	0.5230204333728891	0.5603628617306753
MIXL1	2658	30528	1720.629887702156	31465.37011229796	1.5447831163444865	1.0902089155046617	0.9381118754777396	1.5927804364121692	5.929262883274071e-49	1.0277388997675056e-47	46.98811720517836	0.6274043016000677	0.6715474061406166
MLX	1305	15919	905.8959080267008	16318.104091973342	1.4405628598573337	1.0772183302507103	0.9481449437380666	1.4781315214905293	1.4200499267297577e-18	3.886452431049863e-18	17.41044664355324	0.5266326147676983	0.5637746436114683
MXD3	699	10863	662.1870454550884	10899.812954544952	1.0555929850902048	0.9240636618793664	1.0176536562264094	1.0593904639852625	0.3144737244714361	0.32705267345029354	0.4853822964327508	0.0780536684244118	0.08323442750752637
MXD4	1073	14799	880.003862554397	14991.996137445658	1.219312829929395	1.0297233516232862	0.9750313645000234	1.2351374325046534	7.189994562290788e-06	9.586659416387718e-06	5.018332701460555	0.2860683148729486	0.3046715779732577
MXI1	776	10295	627.4446734664418	10443.555326533597	1.2367624315189976	0.9751853418661234	0.9888917485397996	1.255431749048988	4.387845986427651e-05	5.660122700179593e-05	4.247174154070857	0.3065684010535772	0.32818359931031094
MYBL2	1577	19796	1109.2843321751116	20263.715667824945	1.4216373153921504	1.110473157524864	0.9402709685578504	1.455547713822559	1.0590722574607151e-20	3.3717402482422766e-20	19.472145889889585	0.5075534550953418	0.5415621327392237
NCoA2	880	11096	608.5218443977761	11367.478155602268	1.446127214826433	1.1262033689223026	0.936245434420476	1.4827178120138125	3.516584032952521e-13	6.690086696836504e-13	12.174568254173325	0.5321944707720075	0.568244052987336
NFE2L2	814	15199	803.4549368045609	15209.5450631955	1.0131246479577038	1.0024016420009436	0.999562389711006	1.0143655810088443	0.7985705764253255	0.8037226446603275	0.09489379537440312	0.018811684432748412	0.02057769854904956
NFIA	2831	27614	1573.08581614169	28871.91418385837	1.7996475277767097	1.085808458303815	0.9216653101202018	1.8816708321801257	3.399822817808162e-87	8.839539326301222e-86	85.05357036770849	0.8477143733756354	0.9120142740197018
NFIC	1388	15988	885.4376007451586	16490.562399254908	1.5675864666599877	1.166263326694305	0.9168981355452878	1.6176058597620533	7.97958387031266e-28	3.890047136777422e-27	26.410045136176013	0.6485450229833536	0.6938601285122837
NFIL3	3488	45300	2510.6481243751614	46277.35187562498	1.3892826980157076	1.0866128826050192	0.9504131693078351	1.4196122881542264	6.4540744820156e-39	5.29913483786544e-38	37.27579502960892	0.47434019581114517	0.505496967523919
NFYC	1019	16637	947.876382377664	16708.12361762239	1.0750346975034115	1.044346184616104	0.9824499875080478	1.0806216268759872	0.0993707104327801	0.11072736305366926	0.9557450425833427	0.1043832245666119	0.11186146055060554
NR2F1	1036	13781	764.1076245614556	14052.892375438583	1.355829946854138	1.0753292862517267	0.9549662663144411	1.3826867631320303	4.0467391595268026e-11	6.715864988150864e-11	10.172898043250255	0.4391762417375496	0.4674743622295635
NR2F2	984	13339	721.0800811292476	13601.919918870808	1.36461958352671	1.1187513782565346	0.9443313517083984	1.3915775115964064	5.5738907709263394e-11	9.0575725027553e-11	10.042988180901427	0.4484988255402609	0.4767212697771862
NR2F6	3133	42185	2352.784621450047	42965.215378550056	1.3316136000876688	1.0614321186960216	0.9604404065977472	1.3566875517541377	1.3893009109022186e-27	6.567604306083215e-27	26.182593021062388	0.41317551025500665	0.44008850304324254
NRF1	947	14883	895.115107348742	14934.884892651307	1.0579644921924476	0.9917700358028932	0.998302481685207	1.0617263819805658	0.2207727372213322	0.23589415757895768	0.6272828152086842	0.08129120798359457	0.08641201640512387
PBX2	501	7468	412.0754098851672	7556.924590114857	1.2157968856710313	1.077044945490772	0.9639178924679088	1.2303485161283612	0.0026864548488284	0.0032237458185940798	2.4916392081615504	0.28190222836115514	0.29906704017415764
POLR2A	1829	25955	1475.4944095718315	26308.505590428267	1.2395845000393808	0.9654587437047468	0.9926444442010712	1.2568645732999422	2.3290172197064046e-10	3.745635940971125e-10	9.426474436387053	0.30985662046260853	0.32982920826738615
POLR2AphosphoS5	1961	27683	1567.0576330039216	28076.942366996176	1.251389839594427	0.9688195319521772	0.9907071943910342	1.2692017966834428	8.543143414921576e-12	1.464538871129413e-11	10.834299096981374	0.32353129552815213	0.3439214686503017
PPARG	2301	29373	1634.073846464611	30039.926153535474	1.4081370955041672	1.0893973168969162	0.9478567578033024	1.4401301147470509	4.386387930961919e-28	2.2809217241001976e-27	26.641889618438675	0.49378780086118834	0.5261991640426302
PRDM10	1106	15120	859.6947985323948	15366.305201467654	1.286503072820818	1.0716460066883555	0.9594675438341056	1.3084917863148364	9.901836680530811e-09	1.499695652585249e-08	7.823996867486855	0.36345490296216093	0.38790486830643317
PROX1	2365	33122	1792.5687612673262	33694.43123873279	1.319335721508374	1.099698231525565	0.9521879600762831	1.3425459489053455	5.335564165440023e-20	1.6320549211934187e-19	18.787265230649616	0.3998117231386269	0.4249714655838459
RAD21	8643	98509	5608.119491099012	101543.88050890138	1.54115831763532	0.9883316276336048	0.9654337226799808	1.5886586352733232	1.4056834097187156e-153	1.0964330595805982e-151	150.96001787811522	0.6240150723234295	0.6678091573446044
RARA	3908	56259	3109.293731624984	57057.70626837519	1.2568770715520643	1.064486251616533	0.9648120210640984	1.2748255465144662	8.632163177952304e-23	3.2844328189281937e-22	21.483539616934348	0.32984355434498996	0.35029983500691714
RCOR2	1536	20961	1152.4680335836313	21344.531966416434	1.3327918477910103	1.1138118274456736	0.9460186271274648	1.3576960386749997	2.3412867114278925e-14	4.869876359770016e-14	13.312482064853386	0.41445148139574184	0.44116052481025037
RERE	1030	13020	726.2771026014063	13323.722897398637	1.418191481337781	1.1240785123485504	0.938612354889615	1.4517493747699026	7.151912630987731e-14	1.4303825261975462e-13	12.844547803932901	0.5040523354873714	0.5377924127101011
REST	1131	16026	903.066704150114	16253.933295849938	1.2523991802625438	1.0432294595303682	0.970014653902642	1.270232591308227	2.0546074034777322e-07	2.9677662494678354e-07	6.527570308434802	0.3246944692970216	0.34509269196054726
RFX3	458	6845	391.8052087137478	6911.194791286276	1.1689482166497027	1.0391712793463197	0.9771498922035072	1.1826497957140107	0.0195503025947405	0.022591460776144576	1.6460556864542324	0.22521102119772218	0.24202292846685836
RFX5	544	7538	436.01114225816497	7645.988857741863	1.2476745368995503	1.0340942943070448	0.972527980078158	1.265417298531477	0.0004161780173827	0.0005112107930055213	3.291399985653139	0.3192416479523108	0.33961322305722336
RREB1	1326	15524	882.870387708569	15967.12961229148	1.501919215391904	1.0521479567570575	0.9507571936905864	1.5463031128452411	1.32835039033196e-22	4.933872878375852e-22	21.30681204433374	0.5868072158562928	0.6288231501393604
RXRA	1016	13203	728.2327542645468	13490.76724573549	1.395158339212679	1.0845512190221571	0.9498149387730483	1.425941323691835	1.1754230288483366e-12	2.1572469705922415e-12	11.666100132215258	0.4804288655911253	0.5119146172933973
RXRB	3229	41205	2310.6446954521143	42123.35530454807	1.397445486255599	1.0771412618771194	0.9512109054944968	1.4289776647330343	2.5562337056818447e-37	1.8989164670779417e-36	35.72149413936252	0.4827920052561758	0.5149833669370789
SAP130	4953	66602	3764.504945660011	67790.4950543402	1.3157108494996588	1.039432773772606	0.9667586036231064	1.3393592342489324	1.7117248302542685e-39	1.4834948528870326e-38	37.82871395616658	0.39584246640733173	0.4215429628730792
SIN3A	974	13899	808.8383246673737	14064.161675332674	1.204196154281571	1.0128701214420628	0.9817182532231852	1.2197558197434248	5.4871282936023335e-05	7.016327981983312e-05	4.153890117840957	0.26807041515368474	0.2865923667195239
SIX4	1071	13964	783.8471992059608	14251.15280079409	1.3663377263896914	1.0973346258694996	0.9475994001361993	1.3959286111742182	5.4379438276236836e-12	9.425769301214386e-12	11.025683193945753	0.4503141278197962	0.4812251629383697
SLC30A9	655	8203	474.5135792666085	8383.486420733421	1.380360918253056	1.05834048218709	0.956550739280304	1.4121788827901287	2.9046979290242796e-08	4.315551208836072e-08	7.364963725634231	0.465045532869929	0.4979228485016318
SMAD4	3822	51402	2911.890280874454	52312.109719125736	1.312549454594229	1.03657852133444	0.9677179973956892	1.3361948216930288	2.0757643444436676e-30	1.2454586066662006e-29	28.90467070184501	0.3923717820577649	0.4181303729310101
SMC3	4798	38636	2252.155823117012	41181.84417688314	2.130403212225124	0.9701975127621232	0.9296164565682784	2.270892565249428	5.041779833700593e-224	7.865176540572925e-222	221.1042915248225	1.0911265089605278	1.1832594545044257
SOX13	656	8438	462.6009552933715	8631.399044706657	1.4180688398794572	1.1445611584536903	0.9327182090923144	1.4523907000797258	2.3463953678774843e-09	3.660376773888875e-09	8.436474209032076	0.5039275696310657	0.5384295974431182
SOX13iso1	4011	56636	3113.5083024515952	57533.4916975486	1.2882573644790716	1.064692815639648	0.962724639770154	1.3088744456940515	5.4689800821627195e-28	2.7521319123141427e-27	26.560330753787852	0.36542083985524737	0.38832671282014714
SOX5	2596	34860	1922.256359679244	35533.743640320856	1.3504962472503823	1.0738536468611133	0.9561408167134652	1.3767522595212125	4.330382961350654e-25	1.9301135484877203e-24	23.714417140717064	0.43348963090146314	0.46126897623701946
SP1	1011	15110	912.9137194020808	15208.086280597969	1.107443100605566	0.97688614239261	0.9983283092095836	1.1157424501027553	0.0211692872440827	0.024282417721153686	1.6147080741585014	0.1472325763577582	0.15800404433463366
SP5	1667	24223	1388.1941173571518	24501.805882642908	1.2008407031529853	1.041172910642293	0.9737779311298146	1.2147922562939146	2.123378967629559e-07	3.038964394038635e-07	6.517274388292263	0.2640447838381761	0.2807096171725256
SSRP1	568	8766	481.5052473620844	8852.49475263794	1.179634081065108	1.0846383156854251	0.9644094225773862	1.1924582930743095	0.0062486622425086	0.0074411550368804705	2.128359646818414	0.23833940933099088	0.2539388080109972
TAF1	969	14682	901.2813079196256	14749.718692080432	1.0751360218894204	0.8302213462791913	1.0443968347321355	1.0803795174684443	0.1100593877988037	0.12091031335643224	0.9175366532934247	0.10451919534140283	0.11153819367590699
TBL1XR1	716	8283	469.1333991730542	8529.866600826972	1.5262183448505262	1.1194795306617653	0.9307590698567272	1.571993089861913	1.1844459451406e-13	2.30966959302417e-13	12.636450143133644	0.6099613727224138	0.652594875838338
TBP	1341	17534	1009.7833104518888	17865.216689548186	1.3280076885009005	1.0302537850190532	0.967238420569398	1.354127724439212	1.6436453518761954e-12	2.9814962196824008e-12	11.525565736971307	0.40926349919237676	0.43736382364298004
TCF7	1510	20989	1136.746930767261	21362.25306923281	1.3283519481163744	1.0909932919892484	0.9539828209123268	1.3528472996250889	7.106971374027928e-14	1.4303825261975462e-13	12.844547803932901	0.40963744075959285	0.4359990067156626
TEAD1	3427	42544	2365.9132538003446	43605.08674619987	1.4484892861119238	1.0760761512949415	0.9481642633464376	1.4851862854385005	2.886548959463988e-47	4.093651251603474e-46	45.387889158731554	0.5345490136173877	0.5706438981795052
TEAD3	2972	38212	2151.7841742751834	39032.21582572497	1.381179411732174	1.067576428711797	0.9553876683808982	1.4113327866268408	2.0504892737379424e-32	1.390766637839648e-31	30.856745735860457	0.4659007342262731	0.49705820976919857
TFAP4	1216	16550	920.1935297636852	16845.806470236355	1.3214611499303637	1.0814280380490404	0.9558561874083844	1.3452988309470642	4.2931521567194056e-11	7.049807752086604e-11	10.151822726036452	0.4021340113383984	0.4279266739263875
TFDP1	754	10803	663.5376970347703	10893.462302965272	1.1363333287158957	0.9823416914235172	0.99433641387146	1.146729394340352	0.0135730487429166	0.01592026769845857	1.7980496338982297	0.1843860928943788	0.19752498376600316
TFE3	1829	23827	1357.342790102584	24298.65720989748	1.3474857002495069	1.0414073757199311	0.9641466862181708	1.3744692265442382	6.088352547958891e-18	1.6098016906467577e-17	16.793227620839204	0.4302699629305915	0.45887460622589615
TGIF2	1387	17529	1007.455526794796	17908.544473205267	1.3767357100245592	1.0181683346046624	0.968031713781727	1.4071387899513152	1.0668167455427525e-15	2.560360189302606e-15	14.591698934210434	0.46125163395914115	0.4927646325541677
THAP11	3144	38057	2206.183563370279	38994.81643662986	1.4250854064006644	1.0304314502855232	0.9608052010232876	1.4602938842201936	3.043252844547905e-40	2.9671715234342073e-39	38.527657347674435	0.5110483836271555	0.546258740776987
THRA	1630	19315	1108.3469414289991	19836.65305857105	1.470658635010469	1.0649815707538302	0.9489433049170944	1.5108008870605232	5.250236328752362e-25	2.2751024091260236e-24	23.642999049680572	0.5564624112900476	0.5953135359634278
THRB	986	12888	715.3540201421636	13158.645979857876	1.3783385180446046	1.0854218697172675	0.9505997053284124	1.4079110833300776	1.2872287040738256e-11	2.182692150386052e-11	10.661007513405186	0.46293025547817834	0.49355622340034067
UBP1	1233	13911	827.6357717480853	14316.364228251963	1.4897857754453114	1.0286359526207187	0.9560915058794588	1.5343375232965275	1.845751257209803e-20	5.758743922494585e-20	19.239672233072834	0.5751048924844862	0.6176158815522669
USF1	1490	25517	1423.088227478726	25583.91177252136	1.0470187098939192	1.0231170573323063	0.9897722537047354	1.0497919194101817	0.2086662951435046	0.22449615201646012	0.6487910986354465	0.06628722300415223	0.07010339781114208
USF2	1940	32144	1795.5166603352095	32288.483339664912	1.0804689496102011	1.0176837107379202	0.9893926974257709	1.0856216662899958	0.0153593623192353	0.01788104867015453	1.7476070147175993	0.1116576127924698	0.11852141873714159
YY1	605	8813	536.2232446258712	8881.776755374161	1.1282614210842634	0.9113370530558524	1.0162421250328462	1.1374404924204575	0.037761174808441	0.04299812605924669	1.3665504713939651	0.17410138263480648	0.18579106967563544
ZBTB21	606	8086	462.8506493736128	8229.149350626414	1.309277627286717	1.0719498397103269	0.9585944865233148	1.334885371862864	6.10457411916131e-06	8.209599677492795e-06	5.085678019749583	0.3887710476583844	0.4167158613546323
ZBTB26	880	11982	694.7905027365945	12167.209497263457	1.2665688384252731	1.0313909012605254	0.9713639433613748	1.2875894052413874	1.4529066060814013e-06	2.0236913441848088e-06	5.693855725893192	0.3409254901225595	0.36467261095230846
ZBTB7A	521	9295	534.7751018563844	9281.22489814364	0.9742413178763066	1.002613751697494	1.0012252115388347	0.9741859120424377	0.6808988731322058	0.6942498314289157	0.15848421702891202	-0.037648925267603474	-0.03773097474890125
ZFP1	641	7834	443.6914696650549	8031.308530334973	1.444697596922236	1.09607918093893	0.9429449177722268	1.483338817713607	5.639731971435843e-10	8.977532525959097e-10	9.046843012732776	0.5307675404229194	0.5688481694749103
ZFP64	580	9463	529.2239001123813	9513.776099887653	1.095944457302167	1.0735922837306546	0.9731575512195086	1.102201450400695	0.1223900877568747	0.13351645937113604	0.8744651929253209	0.13217468406010086	0.14038793074478115
ZGPAT	2547	33431	1916.6938354382428	34061.306164561865	1.3288507287433524	1.0641404233152898	0.9583199650687394	1.3543829158852665	1.804138136982649e-22	6.396489758393028e-22	21.194058291138358	0.41017905420274553	0.43763568038174133
ZHX2	462	6899	415.66115291008686	6945.338847089939	1.1114822657000545	1.012497846394178	0.9886194799601512	1.1206757745578633	0.1091640894409715	0.12077729044533017	0.9180147177136362	0.15248492956985424	0.1643689488880823
ZKSCAN8	957	11502	650.9604458203036	11808.03955417973	1.4701354070661583	1.1359144545981057	0.930780802804675	1.5114770675334055	2.4865268413256397e-15	5.789525182788057e-15	14.237357052671669	0.5559490408481355	0.5959590902412979
ZMYM3	729	12866	688.2965438410104	12906.70345615902	1.0591365110332325	1.0625889755160194	0.9791032967973712	1.06288726551683	0.2750774577137545	0.288000559753998	0.5406066681510597	0.0828885488186185	0.08798858642241762
ZNF12	1146	16959	944.0047469154952	17160.99525308456	1.2139769463496	1.0509702077221903	0.972135494693172	1.22837131626525	5.830157785897284e-06	7.90873577913023e-06	5.101892933446444	0.27974102480372226	0.2967467294053987
ZNF143	3054	26165	1581.5062545479489	27637.49374545216	1.9310704533842915	0.9369373069057818	0.949763805424241	2.040362449511221	3.2376563988343142e-114	1.2626859955453827e-112	111.89870463626717	0.9494008006914303	1.0288254549739173
ZNF219	3841	49779	2802.304674538716	50817.695325461405	1.3706575287472131	1.05318881561653	0.9599729176441844	1.3993908536115067	1.231447789880788e-39	1.1300344424788407e-38	37.94690831939221	0.4548681456625139	0.48479896737239225
ZNF281	602	9903	559.0888579758504	9945.911142024175	1.0767519177175289	0.9918161534093648	0.9964637309859532	1.0814904574371402	0.2047202364594614	0.22178025616441652	0.6540771192351449	0.10668589305189122	0.11302093569392603
ZNF331	1960	24576	1413.9918470892012	25122.008152910872	1.3861466061737158	1.0675302461848732	0.953543904320738	1.4179369581564047	2.1410645400091456e-22	7.422357072031705e-22	21.12945815660502	0.4710798525792309	0.5037933914089332
ZNF335	1004	11967	695.0742614794885	12275.92573852055	1.4444499755507458	1.044103949184703	0.954248092154332	1.4817847401697597	9.233313302350064e-15	1.973146404337822e-14	13.704840689589613	0.53052024109564	0.5673358816210008
ZNF384	1435	19967	1040.090665712019	20361.90933428806	1.3796874131330044	1.0416691154558098	0.96462102038001	1.407034828621071	2.9527887178401283e-16	7.311667301318412e-16	15.135983578281994	0.46434144192706495	0.4926580403420412
ZNF48	1107	14982	891.7533672013549	15197.246632798691	1.2413746229791842	1.0178449634983575	0.9771478506551468	1.2602537186037386	6.66260830287377e-07	9.4487899568028e-07	6.024623805113126	0.31193855878401416	0.33371421128301026
ZNF511	1317	15167	876.3909356418532	15607.6090643582	1.5027540181431165	1.0696173873372496	0.9445605911507654	1.5470395351840829	1.7492766335718816e-22	6.346212903191012e-22	21.197485362249783	0.5876088776189377	0.6295100658788729
ZNF544	802	10128	592.0066350894082	10337.99336491063	1.3547145461957153	1.0331963990577142	0.9658697896051148	1.3826857440971778	6.824171504928015e-09	1.0436968184007552e-08	7.981425640431476	0.437988891304109	0.46747329896844814
ZNF580	882	10271	612.1182836193391	10540.881716380696	1.4408979826331958	1.0349098253062574	0.9564961124242644	1.4789212345438614	5.086043186110412e-13	9.559310084737641e-13	12.019573450527613	0.5269681945277114	0.5645452183876731
ZNF644	2023	29288	1616.465672590888	29694.53432740922	1.251495799943289	1.09779459051184	0.9570270056815112	1.269210086042065	3.880023909405505e-12	6.80094078502538e-12	11.167431006487254	0.3236534493073825	0.3439308910901018
ZNF652	948	14472	782.9962858789152	14637.003714121123	1.210733712403077	1.0687976584782493	0.9668361827966446	1.2260977720095176	4.390223376421351e-05	5.660122700179593e-05	4.247174154070857	0.27588159497475206	0.29407402761684925
ZNF7	563	9270	502.6255046437474	9330.374495356284	1.1201182486731251	1.0269163658630651	0.9852315068843412	1.128772934153354	0.0586516074446567	0.06630181711135105	1.1784745688709655	0.16365104279110268	0.17475530035568512
ZNF792	1428	18032	1042.670033344155	18417.32996665591	1.369560795201888	1.0612607719205676	0.955913883240298	1.3997016606859718	1.0585845433884101e-15	2.560360189302606e-15	14.591698934210434	0.4537133091170643	0.4851193568018638
ZSCAN9	1276	15189	875.4113022246275	15589.58869777543	1.4576005550275415	1.070983971599834	0.947634820577412	1.4966894463098297	3.721793629328386e-19	1.0556360112276875e-18	17.97648580298144	0.5435954136045011	0.581774902259605
