Gene	Obs_motif	Obs_core101	Obs_motif_flank	Obs_flank	Exp_motif	Exp_core101	Exp_motif_flank	Exp_flank	FC_motif	FC_50	FC_dhs(250)	FC_flank	OddsRatio_motif	P-value_motif	OddsRatio_core	P-value50	fdr_motif	fdrmotif_log10	log2Fc_motif	log2OR_motif	fdr_50	fdr50_log10	log2Fc_core	log2OR_core
BACH1	69	611	12599	12057	80.84188030539512	638.128192702938	12587.158119694634	12029.871807297091	0.8535180000680311	0.9574878637033252	1.00044278228453	1.0027832131874663	0.8616785062306532	0.367737757811191	0.9554562276417944	0.4334963175702981	0.7194869174566781	0.14297709850017523	-0.2285065159342285	-0.214778397245276	0.557352408304669	0.25387011795691766	-0.06267389410145581	-0.0657383144220871
BHLHE40	62	633	11331	10760	79.61120885544268	615.96989868436	11313.388791144587	10777.03010131567	0.7787848079606359	1.027647619391815	1.007943550467845	0.9948021427527812	0.7835634067624496	0.1521606768201035	1.0308944600598422	0.6206418018063804	0.5267100351465122	0.27842840716513606	-0.3607033537331434	-0.3518780710887364	0.698222027032178	0.15600645447968625	0.03934564886311529	0.04389664139459511
CEBPA	304	2359	36863	34808	197.60685502395796	1876.3873471899317	36969.39314497616	35290.61265281019	1.5384081689025562	1.2572031054956894	1.053688123727884	0.9686100605595606	1.547584546484438	1.8525634664571544e-06	1.2748752645643306	2.2626601740445183e-14	2.3818673140163413e-05	4.623082435294695	0.6214383284794218	0.6300182278317497	2.545492695800083e-13	12.594228144817281	0.3302177409445745	0.350356098850643
CEBPB	506	2985	46115	43636	259.6021684815363	2358.9363244463952	46361.3978315186	44262.06367555374	1.94913626091682	1.2654008372610617	1.02012284976319	0.9767802283144024	1.964089775561097	2.075711867651612e-19	1.2840638970973612	1.0468815315722116e-18	6.227135602954836e-18	17.205711676919712	0.9628349505636876	0.973860874559271	1.884386756829981e-17	16.724829956575533	0.33959445553469014	0.360716995086259
CEBPD	31	332	3906	3605	22.75444446036153	206.8025006147493	3914.2455555396505	3730.197499385263	1.362371208578716	1.6053964483653902	1.0795619014775442	0.935772984794626	1.411976911976912	0.2700569817461417	1.66753295719268	2.0662166126786982e-08	0.6429552034452786	0.1918192845784958	0.44611985152103883	0.4977164984895903	1.4304576549314067e-07	6.8445249938543995	0.6829296110320865	0.7377152751781216
CEBPG	450	1936	25299	23813	155.84421399997635	1320.2241440127289	25593.155786000105	24428.775855987355	2.88749892248209	1.4664176600464702	1.0267364033315132	0.9615085546979908	2.9369642303852377	1.1834113687043103e-34	1.504545136410084	5.926201737813953e-29	5.325351159169396e-33	32.273651749117164	1.529820408163315	1.5543256950260327	1.777860521344186e-27	26.75010231377449	0.5522960654503708	0.5893273882253938
CREB1	82	750	11322	10654	80.29926271658775	612.5182396759748	11323.700737283449	10791.481760324064	1.0211799862897235	1.2244533328456533	0.9927165379414044	0.98604675433652	1.0250905317081789	0.937185462339523	1.241248799125432	0.0001275673673025	1.0	-0.0	0.03023716831447921	0.035751328149076694	0.0005740531528612501	3.2410478934459186	0.29213779002673623	0.3117923219859778
CREM	92	444	7506	7154	71.31364211346542	412.3124744616988	7526.686357886561	7185.687525538328	1.2900757453058005	1.0768531817517075	1.1036829731162838	0.9657233064591638	1.2992272848387956	0.1149893391881135	1.0823397053993828	0.275386505808936	0.4885144812382888	0.3111225577821304	0.3674557743066215	0.377653835733236	0.41307975871340397	0.3839660853295079	0.10682156613334298	0.11415337751636098
CTCF	2607	7558	89365	84414	954.8848410564872	4798.661690243247	91017.11515894376	87173.33830975697	2.7301721505135723	1.575022472487924	0.95866559811228	0.970992055506	2.783221133595631	1.5811096584529324e-178	1.6267250563142357	8.847315080263166e-147	1.4229986926076392e-176	175.84679549892735	1.4489919228894075	1.4767555388052271	7.96258357223685e-145	144.0989459964436	0.6553724131938821	0.7019704320730353
ELF3	82	772	13212	12522	88.4628214921587	701.0449348130685	13205.53717850789	12592.95506518698	0.9269430775195028	1.101213291279041	1.0406456785475815	0.9816783749627456	0.9313244846282992	0.6454174024103789	1.1074402347161436	0.0605394476579198	0.8669786002527478	0.06199162213952763	-0.10944734751635957	-0.10264418725028364	0.1210788953158396	0.9169315500579133	0.1390939280016509	0.14722884288395255
ETV4	62	570	10791	10283	57.865020891452666	558.4075941642934	10795.134979108583	10294.592405835743	1.071459044598014	1.0207597567741815	1.0961310196989131	0.9730179298829664	1.0881224932407936	0.7132719504865715	1.0225981079535176	0.7366014584276529	0.9303547180259628	0.031351435629165585	0.09957670555848148	0.12184097427546517	0.7799309559822207	0.10794384187763917	0.029643357406271904	0.03223926181556689
FOS	39	423	6584	6200	35.28010409721008	338.3757200005762	6587.719895902807	6284.624279999442	1.1054389151613668	1.2500896931945344	1.0998409148218573	0.9578755854588122	1.1147934386391252	0.7268102724151135	1.2684348158045429	0.0016944742929337	0.9325044944679964	0.030349066309681205	0.14461930626802427	0.1567764162817971	0.00610010745456132	2.2146625147413626	0.3220316111150913	0.34304938197036183
FOSL2	176	1838	32663	31001	176.9347941095766	1671.714722576248	32662.065205890525	31167.285277423856	0.9947167310178818	1.0994698887185086	1.0057997657747522	0.9915584221353356	0.999969384318648	1.0	1.1058299677250234	0.0039671901771642	1.0	-0.0	-0.0076423520848658	-4.4169767807166e-05	0.0119015705314926	1.9243957253170727	0.13680809351407813	0.14512957401932475
FOXA1	249	2675	43967	41541	221.2679217321155	2209.84650079201	43994.732078268	42006.1534992081	1.1253325744228715	1.210491316496996	1.050739642937578	0.972890424452254	1.1273887336522548	0.2117155300485895	1.2245103254957013	7.372360725862224e-12	0.6360702331495578	0.19649492808543703	0.17035143038846	0.17298505536164357	6.031931502978183e-11	10.21954359884377	0.27559273014919544	0.2922049392580661
FOXA2	146	1430	22363	21079	117.29220162801272	1129.7980142715844	22391.707798372045	21379.201985728472	1.2447545358815315	1.26571296987273	1.033044840158442	0.973175977707434	1.2494256576893077	0.0831480283391683	1.2846341976161129	9.778720913071655e-10	0.4157401416958415	0.3811780402632437	0.31586127258963687	0.32126506190981113	7.334040684803741e-09	8.134656685166696	0.33995027689046425	0.36135760734461
FOXA3	150	1380	22173	20943	115.04935991895266	1127.027854023559	22207.950640081108	21195.972145976502	1.3037882184278866	1.224459533163546	1.0743941003771946	0.9646194495466291	1.3063479084432887	0.0359894866424441	1.2392236654008402	2.1660752614104e-07	0.21315861156175986	0.6712971172593768	0.38270954362001025	0.3855391686631227	1.29964515684624e-06	5.886175207277475	0.2921450954462143	0.30943660058810724
FOXK1	72	477	6342	5937	45.54556756731044	326.8578684018966	6368.454432432711	6087.142131598125	1.5808344004845991	1.459349907445068	1.1344143561428233	0.9326288527906412	1.606559444970041	0.0153915292003931	1.5001581017865502	4.2087008003143664e-08	0.11543646900294825	0.9376569660100955	0.6606862468154278	0.6839743635524473	2.7055933716306643e-07	6.56773747371283	0.5453258388500257	0.5851145544835809
FOXP1	138	1330	20504	19312	126.3842543276582	1006.5764224138096	20515.6157456724	19635.42357758625	1.0919081711098864	1.3213105039859845	1.106436037168954	0.9497223482281292	1.095825669323523	0.4970979043601681	1.3441796404670567	5.555451610020931e-12	0.7666373028426545	0.1154100527772317	0.12685153148211056	0.1320183037665721	4.999906449018838e-11	10.301038121474978	0.4019695354126791	0.4267259573817626
GABPA	74	834	14848	14088	88.35858761965352	801.427746864933	14833.641412380395	14120.572253135118	0.8374964108586571	1.0406427819132602	0.9805989902475398	1.0029695877271891	0.8400595733738244	0.2714699747880065	1.0435635183448289	0.4156506711785133	0.6429552034452786	0.1918192845784958	-0.2558450871728876	-0.2514364537061458	0.5501258883245029	0.2595379171445299	0.057474924348605926	0.0615184153632879
GATA4	19	174	2690	2535	17.255159081269433	137.5446208238479	2691.744840918738	2571.45537917616	1.101119955516643	1.2650440195901238	1.102712078220505	0.9548103729010604	1.1180625410015308	0.8674985032041536	1.2881095322420422	0.0353496542074982	1.0	-0.0	0.13897164401776635	0.16100089038967708	0.07860565642444288	1.1045462012184226	0.3391875870851511	0.36525527583115486
HLF	874	4960	94644	90558	665.3297612865271	4875.976463252591	94852.67023871376	90642.0235367477	1.3136343071591656	1.0172321456800797	1.0114298452508432	0.9958862153181997	1.3171741322368935	9.7487756921136e-08	1.0183796529890743	0.3844653140430427	1.754779624580448e-06	5.75577741699769	0.39356371045771105	0.39744608447680924	0.5242708827859673	0.2804442616769514	0.02464895864720017	0.02627549989687499
HNF1A	120	960	13658	12818	97.44601668558953	686.215092432644	13680.55398331445	13091.784907567397	1.2314510544559365	1.3989782658332155	1.1668184679898963	0.9292276481148172	1.2391061165768185	0.1335937832964939	1.4292219350794504	3.545636448000232e-12	0.5009766873618522	0.30018248328579294	0.3003592872790292	0.30929974462419246	3.545636448000232e-11	10.450305796857398	0.4843735493374024	0.5152299610645792
HNF4A	266	1979	29336	27623	212.83016010539183	1491.716962817991	29389.16983989467	28110.283037182067	1.2498228628324053	1.3266591782005923	1.078570313548049	0.9571489735860188	1.256983820510314	0.0148476542721605	1.350697676993431	1.4153502682637478e-17	0.11543646900294825	0.9376569660100955	0.3217236364695493	0.3299660799734095	1.819736059196247e-16	15.739991599018904	0.4077977866281497	0.4337047962691283
HNF4G	198	1686	24216	22728	175.24789685345755	1230.5898755154226	24238.75210314661	23183.41012448464	1.1298281095240064	1.370074655696182	1.0989270714017405	0.9485092420893616	1.1324564632592382	0.2528022532974202	1.3981728779800997	3.150864245198917e-18	0.6429552034452786	0.1918192845784958	0.17610329971973493	0.17945558762485903	4.726296367798376e-17	16.3254790489195	0.45425450812606194	0.48354275469381514
JUN	162	989	18426	17599	138.0154996291227	937.097444838418	18449.98450037093	17650.902555161636	1.1737812088883408	1.0553865080386935	1.0294803445914105	0.9889269424440704	1.17537836422069	0.182341974133179	1.0585549787774762	0.23269669682312	0.6016667692447958	0.2206439744351409	0.23116351724847856	0.23312524727220277	0.37397683418001426	0.4271552991347806	0.07777144548459423	0.08209620137176706
JUND	404	3477	67777	64704	375.6189970659077	3445.320768519077	67805.3810029343	64735.67923148113	1.075557954085886	1.0091948569115496	1.0265720464128525	0.9928532225365369	1.077778400735746	0.3143756047383614	1.0097723795506324	0.7021409081654073	0.6757341210515982	0.1702241509132832	0.10508526331949883	0.10806057973817522	0.7613576112636946	0.11841130628016294	0.01320475914077401	0.014030120796063316
KLF10	22	217	4473	4278	25.93959051140218	254.51322665130337	4469.060409488613	4240.486773348713	0.8481244139274108	0.8526079483377951	0.9509471195281034	1.0252093684311057	0.8792130561144645	0.6646185059697034	0.8467419833390392	0.0800865229102207	0.8796421402540192	0.055693973443343904	-0.23765218128947138	-0.18571528474701596	0.15335717153020983	0.8142959100422918	-0.2300455901671806	-0.24000567204216924
KLF11	19	216	3644	3447	24.482375671505	201.95038975901437	3638.5176243285086	3461.049610240999	0.776068476970316	1.0695696119118707	0.998748893934154	0.993728628454984	0.790363154043176	0.4500094559655997	1.07899146564826	0.4802466217656329	0.7412564469796435	0.13003151639259394	-0.36574413960524715	-0.339412403428135	0.5920848761494104	0.2276160321264824	0.09703038198104702	0.10968345378271808
KLF16	49	598	11830	11281	78.05881897176639	653.476873415342	11800.941181028264	11225.523126584689	0.6277317623486353	0.9151050700151074	1.0066363847827562	1.0043062981743158	0.62661204673039	0.0098902957187851	0.9112273642288128	0.1102233995490067	0.0890126614690659	1.050548213410762	-0.6717798857695487	-0.6743555888376249	0.19840211918821204	0.7024536933369242	-0.1279906954391344	-0.13411702294621822
KLF6	16	204	3517	3329	23.904076124683733	196.8231017128824	3509.0959238753285	3336.176898287129	0.6693419112516188	1.0364636987460294	0.9757753175453788	1.0021606827606662	0.6940697976289081	0.2668247641364447	1.0430048859435634	0.718630528905986	0.6429552034452786	0.1918192845784958	-0.5791847425267835	-0.526847343280153	0.7699612809706993	0.11353111363733924	0.05166958817312925	0.060745916160687946
MAFF	914	4961	96559	92512	971.8296180093978	4840.355457898166	96501.17038199092	92632.64454210216	0.9404940774208442	1.024924727770762	0.9953322562726774	0.9998468914756016	0.9407322229812504	0.1871852170983809	1.0263295572466276	0.2135747713374163	0.6016667692447958	0.2206439744351409	-0.0885092362026674	-0.08814397294776874	0.3559579522290272	0.44860130032324996	0.03551795962395313	0.037494058686660635
MAFK	909	6401	126047	120555	903.7023298251996	6298.590772176076	126052.2976701751	120657.40922782425	1.0058621849252345	1.016259069929787	0.9893372985485084	1.0017727599468105	1.006684449588453	0.9061656353860692	1.0172143223112318	0.3530657884360189	1.0	-0.0	0.0084326523154037	0.009611534034304342	0.49649876498815154	0.30408182744956264	0.02326822815204583	0.02462368033562594
MAX	54	482	8406	7978	57.17946226298382	459.4482404670467	8402.820537737043	8000.551759532978	0.944395030363164	1.049084439870808	1.0079039105528655	0.9943337618373111	0.9469176152372366	0.7762405547215077	1.0530046953741523	0.4605338540257089	0.9570089030813108	0.019084021950324867	-0.08253764511377866	-0.07868918266672989	0.5756673175321361	0.23982842612651398	0.06913080382567169	0.07451186939107707
MAZ	23	256	5767	5534	28.07650707051349	320.8169982978076	5761.923492929504	5469.18300170221	0.8191902198601857	0.797962705711624	0.8919858689191695	1.0480689039794602	0.8205739552627016	0.4874718038446087	0.7906035417419588	0.0062259391521383	0.7666373028426545	0.1154100527772317	-0.2877296034794246	-0.28529473057848154	0.018075307215885388	1.742914312510338	-0.32560677393121523	-0.3389736767370265
MIXL1	60	704	10778	10134	36.88927612459272	541.6116996933099	10801.11072387544	10296.388300306724	1.6264889502670457	1.299824210589696	1.1393210589215084	0.9419780855464636	1.6702232943650646	0.0181766305215411	1.3220961117330907	2.1893680441979616e-06	0.1168497676384785	0.9323721468868756	0.7017610213036768	0.7400409914047985	1.0946840220989808e-05	4.960711220789249	0.3783165250545209	0.4028270595086417
MLX	15	186	3168	2997	21.46323857091141	174.4746906075602	3161.5367614290976	3008.525309392449	0.6988693691514534	1.0660571991978096	0.9799760264035342	1.0016182598156886	0.7127074314574314	0.3225917231075014	1.072888980934958	0.5506452670917632	0.6757341210515982	0.1702241509132832	-0.5169052788997546	-0.488618127345353	0.6520799215560353	0.1856991721152938	0.09228484783926046	0.10150079842336601
MXI1	10	170	3019	2859	10.726835158420467	161.38898410742945	3018.2731648415875	2867.6110158925785	0.932241416253152	1.0533556607980046	1.0806067401083737	0.9740536197655532	0.9996687644915536	1.0	1.0588552223663314	0.6511487153621682	1.0	-0.0	-0.10122448664926337	-0.0004779509869416829	0.7146754192999407	0.14589115485976561	0.07499263810637997	0.08250534263251035
MYBL2	6	60	1214	1160	9.238504978029113	61.5756769018146	1210.761495021975	1158.4243230981892	0.6494557305829373	0.9744107254504552	1.0926390483295385	0.97819694951631	0.6644700713893466	0.4529900509320044	0.9819106840022612	0.9260384398208116	0.7412564469796435	0.13003151639259394	-0.6226969055423509	-0.5897238748148813	0.936443366110933	0.028518482601870464	-0.03739808164617215	-0.026336293980065525
NFE2L2	73	636	12537	11974	68.17909224664844	634.0341961902417	12541.820907753394	11975.9658038098	1.070709474040974	1.0031004696932284	1.0008488506686704	0.9994765546512252	1.073871927330396	0.7356424345247528	1.0032383518654244	0.977029403984372	0.9325044944679964	0.030349066309681205	0.09856707278667665	0.10282194413996511	0.977029403984372	0.010092365865670591	0.004466112300090759	0.0046644057530508265
NFIA	101	1229	12219	11091	40.76144199360201	622.1840172794414	12279.238558006433	11697.815982720596	2.477831869045583	1.975299856421769	1.1490195725700307	0.8943647574839688	2.5373987232997792	2.664128127311152e-07	2.0838443789045957	2.229633453276232e-49	3.996192190966729e-06	5.398353633191509	1.3090782980824818	1.3433502403041024	1.0033350539743043e-47	46.99855401434419	0.9820716753332406	1.059247541452452
NFIC	156	731	7543	6968	67.26197470475657	393.4968754944492	7631.738025295265	7305.503124505572	2.3192896236656004	1.8577021712852504	1.140558613669802	0.9050614980200332	2.355521873596356	1.8062479830918902e-09	1.950010297893971	7.410654545033544e-26	4.064057961956753e-08	7.391040106733372	1.2136829892534235	1.236046729069077	1.6673972726325472e-24	23.77796091321538	0.8935192259127015	0.9634817427858269
NFIL3	121	855	13526	12792	90.07045385673821	693.0753101281126	13556.929546143308	12953.924689871934	1.343392808838921	1.2336321717216503	1.0968752907542556	0.9588887204322422	1.3474263558249957	0.0378948642776462	1.2492944047822097	2.4794407587488784e-05	0.21315861156175986	0.6712971172593768	0.42588121132057166	0.43020642400599657	0.00011744719383547319	3.930157355355753	0.3029122946992948	0.3211134979781881
NFYC	88	841	15672	14919	81.17617014175373	804.1322037957955	15678.823829858298	14955.867796204257	1.0840619832930054	1.0458479290223364	1.021904974486805	0.990886815720171	1.0868356871419658	0.6436501025773984	1.048543978278725	0.3619229188913591	0.8669786002527478	0.06199162213952763	0.11644724786606857	0.12013384352626243	0.5011240415418818	0.30005476137942627	0.06467309250755134	0.06838737255901202
NR2F1	51	460	7875	7466	50.92796496682252	403.9489672020209	7875.0720350331985	7522.051032797999	1.001414449472395	1.1387577079011248	1.0863273313668842	0.9664512108377104	1.02	1.0	1.150000764424863	0.0498961656687474	1.0	-0.0	0.0020391774224338675	0.028569152196770916	0.10443383512063407	0.9811587731198061	0.1874608192199442	0.20163482015364406
NR2F2	34	381	6699	6352	35.74191296439547	338.2715587259312	6697.258087035625	6394.728441274089	0.9512641372572676	1.1263140224824149	1.1024452333632315	0.96361776410897	0.9711385494636726	0.9047265842183256	1.1346722087252024	0.1073605550499983	1.0	-0.0	-0.07208210543081688	-0.04225095952610157	0.1971928562142826	0.7051088224724658	0.17160911473378399	0.18227558284870027
NR2F6	71	475	7447	7043	56.692660109776696	382.9535738237778	7461.307339890245	7135.0464261762445	1.2523667060695216	1.2403592301206172	1.1448224461796357	0.946399299982664	1.2702406529954535	0.2120234110498526	1.2596982782652264	0.0011999041630111	0.6360702331495578	0.19649492808543703	0.324657060325997	0.3451018481728466	0.004695277159608652	2.3283387664786117	0.3107580113038555	0.3330782221563491
NRF1	96	897	16564	15763	155.44738902814316	1001.1997166280668	16504.552610971918	15658.800283371997	0.6175722898930104	0.8959251437075908	0.9337552053150716	1.0272707808460662	0.6171113413465659	0.0001791031525786	0.8901347970053166	0.0139675786160913	0.00201491046650925	2.695744247172935	-0.6953200737107741	-0.6963972860364751	0.03491894654022825	1.4569388668756025	-0.15854989755236304	-0.16790426864477775
PBX2	32	250	4507	4289	27.53846151627348	232.17189586060545	4511.46153848374	4306.828104139408	1.1620111741206034	1.0767883816140194	1.0525598191636996	0.9807524525842574	1.1862370468982406	0.6017340478378681	1.0818573576350086	0.4262085412066988	0.846188504772002	0.07253287873055393	0.21662394203923183	0.24639233384052564	0.5559241841826505	0.2549844325838259	0.10673474868060609	0.11351029306619238
PPARG	53	274	4294	4073	45.77515617551947	221.5721109544912	4301.224843824494	4125.4278890455225	1.1578332971006744	1.2366177260290534	1.1088319157487945	0.9546160094853416	1.17969776949749	0.4771926894529407	1.2556477764952512	0.016019156249502	0.7666373028426545	0.1154100527772317	0.21142755146287862	0.2384172983194007	0.03896551520149135	1.4093195771513338	0.3063995908588864	0.32843182858622066
PROX1	14	94	1547	1467	10.552888253031702	79.06497383148306	1550.447111746973	1481.9350261685215	1.3266510233326871	1.1888956062939964	1.104369079509436	0.9560111485999884	1.4027149321266967	0.5396756928471007	1.2012287195947986	0.2733998644045947	0.7962428255121158	0.09895446781770598	0.4077889184698174	0.4882218458828059	0.41307975871340397	0.3839660853295079	0.24962204149735284	0.2645108731159922
RARA	138	714	12892	12316	122.24579313266052	663.8975505250054	12907.75420686738	12366.102449475036	1.128873202616004	1.0754671401263252	1.0572443331544934	0.9795791136058376	1.1324636450105037	0.3498410823594059	1.0812951257900918	0.1661859807140528	0.7155840320987849	0.14533935906156473	0.1748834487059177	0.17946473680137767	0.28736852528315254	0.5415608007264973	0.10496344526211566	0.11276034213210734
REST	78	428	7643	7293	76.86539773500033	404.1859390928924	7644.134602265021	7316.81406090713	1.0147608976006512	1.0589185783170811	1.0191651921693277	0.9895645293869008	1.0264500712726472	0.9354864339329408	1.0627469986817686	0.4123601807399785	1.0	-0.0	0.021139833339373082	0.037663453380061086	0.5501258883245029	0.2595379171445299	0.08259166282020475	0.0877981846481836
RFX3	57	462	8215	7810	75.38570966647505	443.9613766286103	8196.61429033355	7828.038623371413	0.7561114732776549	1.0406310645947918	0.977708895019545	1.0029925175112837	0.7582422398052343	0.1167604616765723	1.0452929768225607	0.5383053486644152	0.4885144812382888	0.3111225577821304	-0.4033291486826582	-0.39926926715732936	0.6459664183972982	0.18979005891487655	0.05745867995359236	0.06390736045850155
RFX5	23	167	2910	2766	22.401688837790456	153.83349888650835	2910.598311162218	2779.1665011135	1.0267083060809337	1.0855892975768906	1.0361063663854748	0.984462152184816	1.0454545454545454	1.0	1.096633254410465	0.4548727833898243	1.0	-0.0	0.038026361651895914	0.06413033741971556	0.5756673175321361	0.23982842612651398	0.11847840294304564	0.13308112783146822
RREB1	27	202	3751	3576	39.04514490595619	192.3243264147435	3738.9548550940544	3585.675673585267	0.6915072300290337	1.0503091510347533	1.130836293118481	0.9621463177132124	0.6899083321370711	0.1403010176179699	1.0547311940715884	0.641467093605216	0.5050836634246916	0.2966366782095826	-0.5321837593864979	-0.5355234106150915	0.7127412151169067	0.14706812687681703	0.07081403743258678	0.07687536443658799
RXRB	105	790	12095	11410	88.34029423082015	616.6791787374901	12111.659705769212	11583.320821262543	1.1885855816333428	1.2810550886724352	1.1350774050342196	0.9449257642247056	1.19476023150062	0.2474971218143507	1.3019124827845248	1.953856716738014e-06	0.6429552034452786	0.1918192845784958	0.249245785276875	0.25672112236320427	1.0343947323907133e-05	4.985313699747414	0.35733251662075166	0.38063247085653396
SOX13	12	147	2476	2341	8.252111103285605	124.88601415221004	2479.747888896722	2363.1139858477973	1.4541733442272924	1.1770733576366494	1.0904889936401507	0.964142935736298	1.5018174474959611	0.5025733429746291	1.1966246847914457	0.1692281315556343	0.7666373028426545	0.1154100527772317	0.5401992554686278	0.5867094575936136	0.28736852528315254	0.5415608007264973	0.23520423490539802	0.25897072931132337
SOX13iso1	62	753	13050	12359	43.35293295501986	659.8014348002737	13068.647067045018	12452.198565199764	1.4301223878976563	1.1412524439689014	1.0585281533891902	0.9749576653382116	1.443849238171612	0.0778883843912163	1.1512385965588654	0.0109237058723091	0.4123502703064392	0.3847337164093103	0.5161386161348239	0.5299201087782313	0.029791925106297548	1.5259014324670983	0.19061794971489818	0.20318686596312233
SP1	31	489	9736	9278	65.72918039353196	555.7114577666852	9701.2708196065	9211.288542233346	0.4716322311399236	0.8799530640689185	0.9524608708748727	1.022743380335457	0.475208583528222	0.0004747499704734	0.8747184563308728	0.0358092434822462	0.004747499704734	2.3235350536014554	-1.0842657800539763	-1.0733671996119836	0.07860565642444288	1.1045462012184226	-0.18450152118389096	-0.19310936024710548
SP5	120	1516	30057	28661	115.7139077489213	1620.7620053308435	30061.286092251143	28556.23799466923	1.0370404243920166	0.9353624992526534	0.9949394537022016	1.0058448942475378	1.04361712745783	0.7938191848518908	0.9323741428645886	0.0564960112767034	0.9635513024088234	0.0161251572307256	0.05247213227380473	0.06159252643905498	0.11556002306598423	0.9371923801418882	-0.0964025057999005	-0.10101909951356064
TBP	13	180	2822	2655	8.896393324551457	149.9027365364179	2826.1036066754577	2685.0972634635914	1.4612663273468116	1.2007786125790316	1.0877326404796597	0.9609054110386136	1.6273033309709426	0.382418625045652	1.221704015470367	0.0882198978203956	0.729952178184379	0.1367055911548072	0.5472191446889614	0.7024831958777673	0.16541230841324175	0.7814321775097892	0.2639701860344675	0.28889480304877174
TCF7	52	586	9940	9406	49.176679681692654	500.09873169298834	9942.823320318344	9491.901268307049	1.057411771932996	1.17176861860099	1.087774111004291	0.9654600559461508	1.0614380158502033	0.8419862619734162	1.1825911120561343	0.0079664018028381	0.9970889944422033	0.0012660773249659662	0.08053729312789791	0.08602012551884343	0.022405505070482154	1.649645261666089	0.2286877184353833	0.2419513394613251
TEAD1	97	915	14975	14157	96.22984151847888	763.3767647428136	14975.770158481566	14308.623235257231	1.008003322767327	1.1986217582981704	1.0733376723446189	0.967099913586378	1.0104166666666667	1.0	1.2120045647985598	0.0001473075458495	1.0	-0.0	0.011500394524380793	0.014950341465971606	0.0006313180536407142	3.199751791086979	0.2613764681616064	0.2773951324741007
TEAD3	58	745	12760	12073	57.0928150574574	652.8471953825717	12760.907184942582	12165.152804617468	1.0158896516423237	1.1411552431705343	1.0549302752646552	0.975871787717606	1.0175438596491229	1.0	1.1513452926191845	0.0113377903757944	1.0	-0.0	0.022743701643183196	0.02509098096283052	0.030011798053573412	1.5227079845367395	0.1904950697310552	0.20332056782557204
TFAP4	69	1058	16444	15455	83.86360847767797	842.0759555894979	16429.13639152237	15670.924044410547	0.8227645012242202	1.2564187268111031	1.0503306322853934	0.9692601157208074	0.8305669772253695	0.2565283283913003	1.274012130843434	3.662964581658573e-07	0.6429552034452786	0.1918192845784958	-0.28144854581375955	-0.2678315825519187	2.060417577182947e-06	5.686044753859892	0.3293173515060217	0.34937901466198656
TFDP1	26	163	2985	2848	21.2382833557618	172.87992142502074	2989.761716644249	2838.1200785749907	1.2242044031749102	0.9428509606923572	0.9292817469019832	1.0259888478150938	1.239754327191513	0.5585164187406367	0.9443469101123596	0.6134146982201709	0.8107496401073759	0.09111323543872739	0.291844462300721	0.3100542608882588	0.698222027032178	0.15600645447968625	-0.08489835714015388	-0.08261115737686667
TFE3	67	580	8744	8231	55.291040540004765	471.96955978439615	8755.708959460022	8339.03044021563	1.211769562403577	1.2288928130554733	1.0000535998328643	0.9813580695388212	1.2197142975962738	0.3176249717592246	1.247580156938672	0.0005860295267707	0.6757341210515982	0.1702241509132832	0.27711537307977746	0.2865432545821283	0.0023973935186074095	2.620260673128391	0.2973590859163757	0.3191325115968761
TGIF2	32	206	3245	3071	20.438784749469264	168.71346006936108	3256.5612152505405	3108.286539930649	1.5656508149698551	1.2210051285493746	1.0553992474828646	0.9715487752102924	1.605423728813559	0.1248425896497849	1.2409638554216869	0.0486788071025973	0.4885144812382888	0.3111225577821304	0.6467624861382336	0.6829541264923836	0.10431172950556565	0.9816668538637194	0.2880692600445716	0.3114610958362937
THAP11	144	817	13149	12476	125.36639926813235	702.4590298356998	13167.63360073191	12590.540970164342	1.1486331332848947	1.1630571539397687	1.0073638457161471	0.9868612092509016	1.1535770020533882	0.2699641359650084	1.174452099027283	0.0025824448081012	0.6429552034452786	0.1918192845784958	0.19991808318375615	0.20611430811521397	0.008832694078999333	2.0539068111235226	0.21792199421393033	0.23198787307334925
THRA	97	433	6586	6250	85.58925454201625	345.7676024026657	6597.410745458003	6337.232397597352	1.1333198369239466	1.2522862089772866	1.1051349706348603	0.9544049779699711	1.143082474410961	0.4117255731633926	1.272543072463768	0.0012958087086212	0.7399843681025872	0.13077745448320424	0.1805550650663823	0.19292949903020265	0.0048592826573295	2.3134278379305893	0.3245643267139937	0.3477144888182316
THRB	40	269	4771	4542	46.64336348006707	247.41388936603255	4764.356636519948	4563.586110633982	0.8575710886950488	1.0872469637386937	1.0754337184339269	0.9731021340257314	0.8682893933456663	0.5183886819358037	1.0941041507335048	0.3419639516527158	0.7775830229037055	0.10925323000015562	-0.22167182586798173	-0.2037521342898414	0.4885199309324512	0.31111771297405943	0.12067967991695398	0.12975007871071143
USF1	161	1576	28830	27415	180.7034151479365	1512.9522254309438	28810.29658485216	27478.047774569157	0.8909626852829211	1.0416720194526288	1.0072871955177372	0.99474891004501	0.8938239488187459	0.3027940182775101	1.0447233247160297	0.2439496226871781	0.6757341210515982	0.1702241509132832	-0.16656308388604754	-0.16193739455009393	0.3851836147692286	0.41433219550041017	0.058901102574772664	0.06312092229639713
USF2	368	2212	40497	38653	389.5925943512099	2138.342573114426	40475.4074056489	38726.65742688568	0.9445764763902452	1.0344460367630872	1.0034348729594538	0.9967091652706328	0.9455015011743864	0.4435085787941645	1.0365657530433707	0.2553234117101974	0.7412564469796435	0.13003151639259394	-0.08226048764122987	-0.0808483461410686	0.39619150092961664	0.40209484515022065	0.04885838707816615	0.0518116346150335
YY1	22	246	3871	3647	15.911426563876	220.07048224518715	3877.088573436138	3672.929517754828	1.3826541518248905	1.1178236967096933	0.9122782105704312	1.017695318362345	1.468939981055713	0.3228507467246525	1.1258468978238652	0.2322913981174107	0.6757341210515982	0.1702241509132832	0.467440335198151	0.5547754504876478	0.37397683418001426	0.4271552991347806	0.16069266408470906	0.17101065089227582
ZBTB21	17	215	3384	3186	20.678082180533387	184.19647887869212	3380.3219178194768	3216.803521121318	0.8221265324114061	1.167231867345273	0.9484721805090022	1.0019263971783736	0.8489952718676123	0.6261290698696189	1.1794808810284123	0.1215342487970462	0.8669479428963954	0.062006979561383305	-0.28256764059854295	-0.23617157558742607	0.2144722037594933	0.6686289856988544	0.22309117684804353	0.2381520331860662
ZBTB26	48	342	5461	5167	39.5796715467167	281.06726115868673	5469.4203284533005	5227.93273884133	1.2127437678037476	1.216790595212409	1.0701768819363966	0.9655568181216678	1.2325722254306763	0.3893078283650021	1.2312147924792365	0.0132733120185968	0.729952178184379	0.1367055911548072	0.2782747656537536	0.3016721871449346	0.03413137376210606	1.4668462313435338	0.2830809073755291	0.30008247020000434
ZBTB7A	7	73	1189	1123	8.753882074861737	66.28617145704203	1187.2461179251422	1129.713828542962	0.7996452248427806	1.1012855079027908	0.902801928960781	1.0229610207162412	0.8735281749369218	0.8029594186740195	1.1119701017296744	0.6001590420225937	0.9635513024088234	0.0161251572307256	-0.322568027242855	-0.195073858046145	0.6924912023337619	0.15958573966737089	0.139188535603734	0.15311799789396355
ZFP1	23	149	2259	2133	17.464330236966767	114.83769012833372	2264.5356697630405	2167.1623098716736	1.316970057707445	1.2974834292947648	0.9749294644058404	0.9881800488799892	1.3559357341874332	0.4275465237926059	1.3278513912535677	0.0306245674077441	0.7399843681025872	0.13077745448320424	0.39722254522385564	0.43928880224547134	0.07067207863325561	1.1507521348678609	0.37571611343716305	0.40909369405052204
ZFP64	17	137	2413	2293	13.520204502257156	127.4943212195784	2416.47979549775	2302.5056787804283	1.257377430730571	1.074557664133529	1.0254605730350397	0.9878147644610852	1.3093181166119416	0.5834894434156496	1.0829742008371936	0.5690245543254191	0.8335563477366423	0.07906503688703087	0.3304177728374848	0.3888156622185747	0.6650936349258145	0.17711720842779968	0.10374290438251753	0.11499887473979778
ZKSCAN8	54	258	3835	3631	44.549672859181065	195.79492977716149	3844.450327140828	3693.205070222848	1.2121301130693118	1.317705214806305	1.1732710965608548	0.931659655213317	1.2301528979495082	0.3603045351979238	1.3456687074974047	0.0026498082236998	0.7194869174566781	0.14297709850017523	0.2775445696067995	0.29883764190962603	0.008832694078999333	2.0539068111235226	0.39802765964489284	0.42832327407904963
ZNF12	49	246	4759	4562	49.76967177240795	241.5121406865851	4758.230328227606	4566.487859313429	0.9845353255306244	1.0185823342075333	1.006739227223129	0.9959914615423584	0.9997898718218112	1.0	1.0216418874301691	0.8524436515899803	1.0	-0.0	-0.022485123343028407	-0.0003031827353575693	0.8818382602654968	0.05461106239140105	0.026562601169805054	0.03088958202184254
ZNF143	32	246	4528	4314	39.57378379806209	243.83258849855648	4520.426216201952	4316.1674115014575	0.8086161324196406	1.0088889328321111	1.0724472732779944	0.980096322101088	0.8190631512186283	0.4077166053874971	1.0128150094152255	0.9259386765007108	0.7399843681025872	0.13077745448320424	-0.3064731082828943	-0.28795340439158057	0.936443366110933	0.028518482601870464	0.01276735891198439	0.01837069006102153
ZNF281	96	763	16582	15915	121.74952959749014	880.3487309713737	16556.250470402556	15797.65126902867	0.7885040732180294	0.8667019933772251	0.9939464827297898	1.0105777240024474	0.7921444242537213	0.0891337193402124	0.8606168423157113	0.0030714217793556	0.42221235476942715	0.3744690625260354	-0.34280988724472405	-0.3361646075631614	0.009872427147928714	2.0055760623895234	-0.2063920721234561	-0.21655702070897995
ZNF331	88	645	10817	10260	83.24364903136538	564.8717750652271	10821.756350968666	10340.128224934804	1.0571377038846828	1.1418520600104691	1.0967816851692913	0.964217575965638	1.0606330285550076	0.7588744198995567	1.1525341130604287	0.0178840157201907	0.9485930248744459	0.02292007309514878	0.08016331595601933	0.08492558041628898	0.04235687933729376	1.3730760442330525	0.19137574517103162	0.20480945261970335
ZNF384	744	8006	165384	158122	654.4944736545731	7648.900129738571	165473.50552634598	158479.09987026197	1.1367552056561228	1.04668643389303	1.0654151479595524	0.979554106779057	1.1382268766112071	0.0170322130333177	1.049173058219068	0.0034651043916892	0.1168497676384785	0.9323721468868756	0.18492161077440505	0.18678815091239742	0.01075377225006993	1.9684391655142157	0.06582930471118108	0.06925266613452453
ZNF544	24	210	3354	3168	36.49939378207072	175.18043753723342	3341.500606217939	3202.8195624627765	0.6575451675525995	1.1987639884468602	1.0048634410343829	0.9874931387271056	0.6640826873385013	0.1220350294814456	1.212878787878788	0.0742385314664306	0.4885144812382888	0.3111225577821304	-0.6048380966557587	-0.5905652069505323	0.14524930069519032	0.8378859498495154	0.26154765023416104	0.2784353782704411
ZNF580	54	266	5427	5215	55.51160702786495	290.6040886518583	5425.488392972151	5190.395911348158	0.972769532197002	0.9153346783040832	1.011207064562617	1.0034335987335183	0.9814563545906828	0.9237136905073238	0.9128442490164314	0.296583157055419	1.0	-0.0	-0.03983005158761425	-0.027003982484384407	0.437581707130946	0.3589408417435096	-0.12762875537320878	-0.13155936867562978
ZNF652	44	469	9136	8711	55.92639455511292	459.4203613482035	9124.073605444912	8720.579638651821	0.7867483743590873	1.0208515761549712	1.0346315809324265	0.989601141171515	0.7989492119089316	0.269942944365336	1.0228421781090145	0.761753374280447	0.6429552034452786	0.1918192845784958	-0.3460258023697085	-0.32382429893806786	0.7971837637818631	0.0984415551443425	0.029773124873052264	0.03258355815805593
ZNF7	8	122	2640	2526	7.880919304749647	132.47986864492188	2640.1190806952595	2515.5201313550874	1.0151100005780525	0.920894632881842	0.990462733605754	1.007962846056651	1.1428571428571428	1.0	0.9202176155857866	0.5210323931249584	1.0	-0.0	0.02163607094706907	0.1926450779423958	0.633688045692517	0.19812448561382345	-0.11889199971626035	-0.11995302089022994
ZSCAN9	32	143	2474	2363	25.034500843781775	126.81192607565866	2480.9654991562256	2379.188073924349	1.2782359911900685	1.1276541917254943	1.0852669396515624	0.9682185457166506	1.283104284559418	0.4243856774199433	1.1426052435362637	0.3159478663657393	0.7399843681025872	0.13077745448320424	0.3541542149148507	0.35963843052314326	0.45863399956316997	0.3385337531923281	0.17332471634395633	0.19232705572976105
