TFBS	Motif	Obs_motif	Obs_core101	Obs_motif_flank	Obs_flank	Exp_motif	Exp_core101	Exp_motif_flank	Exp_flank	FC_motif	FC_50	FC_dhs(250)	FC_flank	OddsRatio_motif	P-value_motif	OddsRatio_core	P-value50
CEBPA	CEBPA	1039	6752	129237	123524	936.4991307457052	6505.944817220783	129339.50086925479	123770.0551827797	1.109451109872015	1.0378200537649698	1.004224395491045	0.9962804966127021	1.110918833675281	0.02120352512805439	1.0400379269498015	0.028299100979957886
CEBPB	CEBPB	563	4039	78588	75112	527.6384860274321	3996.0585400097257	78623.36151397275	75154.94145999046	1.0670184509071794	1.0107459536841945	0.999237620528533	0.9992077579150397	1.0687869791767775	0.287419935652268	1.0113259427816357	0.6305798248013952
CEBPG	CEBPG	562	4847	94867	90582	523.9590694129743	4798.509139375542	94905.04093058742	90630.49086062485	1.0726028669179168	1.0101054013269564	1.001523803563461	0.9991487103958181	1.0750002201935482	0.24728926410288904	1.0107479069006668	0.6159565820668575
CTCF	CTCF	997	5549	108505	103953	1082.9113158037649	5634.696902998407	108419.08868419669	103867.30309700205	0.9206663421556369	0.9847912133565153	0.9968341839672323	1.0021450022063596	0.9207114487683856	0.061089522082251595	0.9840982124984182	0.40932001609665836
HNF1A	HNF1A	195	1384	24398	23209	174.88200354584157	1221.0266214318503	24418.117996454253	23371.973378568247	1.1150375455807546	1.1334724204268676	0.989009667820711	0.9941549352632305	1.1216083285515206	0.2959736966974259	1.1414090011185964	0.0011044224857548728
MIXL1	MIXL1	264	2537	50848	48575	269.6196136715697	2550.5066280597152	50842.38038632864	48561.493371940494	0.9791572519704924	0.9947043352441745	1.009046759062466	0.9977262720361695	0.9812968339490128	0.8282812027564974	0.9946152160092034	0.8516915806922832
NFIA	NFIA	220	2220	43352	41352	236.70187174120153	2194.006948733553	43335.298128258946	41377.99305126659	0.9294392071412829	1.0118472966922236	0.997243841079846	1.000121449585921	0.9318378367389067	0.4530384554965374	1.0124622314537988	0.6993534816097572
NFIC	NFIC	203	1166	21811	20848	191.18025380897453	1133.630975827683	21822.819746191082	20880.369024172374	1.0618251412242379	1.0285534048226619	1.0098651356061221	0.9955100084814363	1.0633632436296494	0.5778088711091305	1.0307058393997421	0.4930174906958512
RREB1	RREB1	206	938	22578	21846	235.695432228636	1153.722094319473	22548.304567771418	21630.27790568058	0.8740093011228576	0.8130207479066115	1.0007230757169536	1.0128599563482468	0.875430988177156	0.16563575675340697	0.80548623142094	1.4624878616967014e-06
ZNF143	ZNF143	401	2236	42358	40523	375.4383339456701	2174.8365323757766	42383.56166605447	40584.16346762436	1.068084859065108	1.0281232482136986	0.9999420626163368	0.9983111898702363	1.0699644616522657	0.36730689749479833	1.0300671071644414	0.34557544531782347
